Player,Pos,Age,Tm,G,MP,PER,TS%,3PAr,FTr,ORB%,DRB%,TRB%,AST%,STL%,BLK%,TOV%,USG%,OWS,DWS,WS,WS/48,OBPM,DBPM,BPM,VORP
Kareem Abdul-Jabbar*,C,41,LAL,74,1695,12.9,0.511,0.005,0.25,7.3,14.2,11.0,6.1,1.1,2.9,11.5,20.1,0.9,2.0,2.9,0.08199999999999999,-2.3,0.0,-2.3,-0.1
Mark Acres,C,26,BOS,62,632,8.2,0.507,0.009000000000000001,0.42100000000000004,10.9,15.6,13.3,3.7,1.5,0.6,14.5,10.4,0.4,0.5,0.9,0.066,-2.1,-0.4,-2.5,-0.1
Michael Adams,PG,26,DEN,77,2787,17.5,0.5670000000000001,0.431,0.363,2.5,8.3,5.2,22.2,2.7,0.2,12.5,19.7,5.4,2.9,8.3,0.14300000000000002,3.8,-0.6,3.2,3.7
Mark Aguirre,SF,29,TOT,80,2597,16.4,0.524,0.13699999999999998,0.309,6.4,10.0,8.3,17.9,0.9,0.8,12.6,27.4,2.4,2.1,4.5,0.08199999999999999,1.7,-1.2,0.5,1.7
Danny Ainge,PG,29,TOT,73,2377,18.0,0.5539999999999999,0.29,0.228,3.3,8.7,6.0,25.3,1.9,0.2,11.1,22.6,5.2,1.4,6.7,0.135,4.0,-1.6,2.3,2.6
Mark Alarie,PF,25,WSB,74,1141,13.3,0.531,0.08800000000000001,0.20199999999999999,9.5,15.2,12.2,7.8,1.0,1.1,11.7,18.7,1.2,1.0,2.2,0.09300000000000001,-0.7,-1.0,-1.8,0.1
Steve Alford,PG,24,TOT,66,906,11.9,0.522,0.17,0.188,1.1,6.8,4.0,13.2,2.2,0.2,11.4,16.6,0.7,0.7,1.4,0.07200000000000001,-1.7,-1.8,-3.5,-0.3
Randy Allen,SG,24,SAC,7,43,6.9,0.428,0.053,0.105,7.4,10.2,8.7,0.0,1.1,1.3,9.1,20.9,-0.1,0.0,0.0,-0.035,-7.1,-5.2,-12.4,-0.1
Greg Anderson,PF,24,SAS,82,2401,14.9,0.516,0.003,0.441,11.2,20.2,15.5,3.7,2.0,2.6,14.2,20.6,0.4,3.1,3.4,0.069,-2.4,-0.1,-2.5,-0.3
Michael Anderson,PG,22,SAS,36,730,10.5,0.483,0.04,0.469,6.3,7.1,6.7,26.9,2.8,0.2,28.5,15.7,-0.5,0.6,0.2,0.01,-3.0,-0.4,-3.4,-0.3
Richard Anderson,PF,28,POR,72,1082,12.0,0.509,0.405,0.109,6.0,17.5,11.6,11.4,1.9,0.6,12.9,14.9,0.9,1.2,2.1,0.09300000000000001,-0.7,0.0,-0.7,0.4
Ron Anderson,SF,30,PHI,82,2618,15.3,0.531,0.01,0.19899999999999998,7.1,10.3,8.7,7.9,1.3,0.5,9.1,21.9,3.5,0.9,4.4,0.081,0.7,-1.7,-1.0,0.7
Willie Anderson,SF,22,SAS,81,2738,16.6,0.534,0.016,0.225,5.8,11.1,8.4,21.1,2.5,1.4,15.6,23.8,2.1,2.8,4.9,0.085,0.9,0.6,1.5,2.4
John Bagley,PG,28,NJN,68,1642,11.3,0.467,0.11199999999999999,0.256,2.4,7.6,4.9,33.1,2.1,0.2,22.9,17.3,-0.6,1.0,0.4,0.013000000000000001,-2.5,-1.5,-4.0,-0.8
Thurl Bailey,SF,27,UTA,82,2777,15.6,0.544,0.004,0.34600000000000003,5.0,12.3,8.9,8.5,0.8,2.0,12.4,25.5,2.4,4.1,6.5,0.113,-1.1,0.3,-0.8,0.8
Greg Ballard,SF,34,SEA,2,15,7.1,0.307,0.125,0.5,14.5,38.5,26.1,0.0,0.0,0.0,0.0,25.9,0.0,0.0,0.0,0.021,-10.7,-11.3,-21.9,-0.1
Ken Bannister,PF,28,LAC,9,130,17.9,0.624,0.027999999999999997,1.472,4.9,22.1,13.6,3.2,2.5,0.9,11.9,20.4,0.3,0.2,0.4,0.15,-1.7,-2.0,-3.7,-0.1
Charles Barkley*,PF,25,PHI,79,3088,27.0,0.653,0.134,0.6609999999999999,14.5,21.3,17.9,16.0,2.0,1.3,14.0,24.4,13.2,2.9,16.1,0.25,8.5,1.3,9.8,9.2
John Battle,SG,26,ATL,82,1672,13.5,0.532,0.054000000000000006,0.379,1.9,7.3,4.6,17.1,1.2,0.3,12.4,20.4,2.2,1.0,3.2,0.092,-0.4,-2.1,-2.5,-0.2
Benoit Benjamin,C,24,LAC,79,2585,17.4,0.593,0.002,0.47,6.8,21.9,14.4,8.7,1.0,4.7,17.8,20.3,2.3,2.9,5.1,0.095,-1.3,1.6,0.4,1.5
Ricky Berry,SG,24,SAC,64,1406,13.1,0.552,0.282,0.293,4.3,10.9,7.5,8.5,1.3,0.9,11.4,21.1,1.6,0.8,2.4,0.083,0.0,-1.8,-1.7,0.1
Walter Berry,PF,24,TOT,69,1355,13.2,0.54,0.004,0.285,6.9,14.8,10.8,8.5,1.0,2.1,13.6,19.5,1.0,1.4,2.4,0.085,-1.9,-0.1,-2.0,0.0
Larry Bird*,SF,32,BOS,6,189,19.8,0.516,0.0,0.183,0.6,21.6,11.2,24.3,1.6,1.6,8.9,27.1,0.3,0.2,0.5,0.129,0.6,-0.1,0.5,0.1
Otis Birdsong,SG,33,BOS,13,108,7.0,0.502,0.083,0.055999999999999994,4.3,9.4,6.9,11.5,1.4,0.5,24.5,18.8,-0.2,0.1,-0.1,-0.051,-4.6,-1.7,-6.3,-0.1
Uwe Blab,C,26,DAL,37,208,10.8,0.54,0.0,0.48100000000000004,5.9,17.3,11.7,8.2,0.7,3.6,18.2,16.0,0.1,0.2,0.3,0.069,-4.2,0.5,-3.7,-0.1
Rolando Blackman,SG,29,DAL,78,2946,15.9,0.5429999999999999,0.068,0.29600000000000004,2.6,7.5,5.1,15.8,1.1,0.4,10.5,23.2,4.2,1.4,5.7,0.092,1.1,-1.7,-0.6,1.0
Muggsy Bogues,PG,24,CHH,79,1755,15.3,0.46299999999999997,0.031,0.21100000000000002,3.2,7.4,5.2,46.2,3.0,0.2,21.4,13.6,1.6,1.0,2.6,0.07,-1.2,-1.9,-3.1,-0.5
Manute Bol,C,26,GSW,80,1769,9.8,0.42100000000000004,0.265,0.192,6.6,19.5,13.1,1.8,0.3,10.8,17.5,9.7,-1.2,2.8,1.7,0.046,-5.7,4.7,-1.0,0.4
Anthony Bowie,SG,25,SAS,18,438,10.6,0.515,0.035,0.10400000000000001,6.0,8.1,7.0,9.3,1.9,0.5,12.7,15.3,0.2,0.3,0.5,0.054000000000000006,-1.9,-0.6,-2.5,-0.1
Sam Bowie,C,27,POR,20,412,13.7,0.49,0.046,0.32,9.2,19.1,14.0,11.4,0.8,4.7,15.9,19.4,0.0,0.5,0.5,0.063,-2.7,1.4,-1.2,0.1
Dudley Bradley,SG,31,ATL,38,267,6.1,0.387,0.36,0.18600000000000003,2.8,10.4,6.5,11.9,2.9,0.4,13.1,16.3,-0.3,0.3,0.0,0.004,-3.3,-0.1,-3.4,-0.1
Adrian Branch,SF,25,POR,67,811,15.7,0.509,0.071,0.275,8.2,9.6,8.8,10.8,2.6,0.2,11.6,26.3,0.7,0.8,1.5,0.087,-0.4,-2.2,-2.6,-0.1
Randy Breuer,C,28,MIL,48,513,13.8,0.496,0.0,0.285,11.3,19.2,15.2,6.2,0.9,4.5,12.6,18.6,0.2,0.7,0.9,0.083,-2.9,0.8,-2.0,0.0
Frank Brickowski,C,29,SAS,64,1822,15.0,0.563,0.003,0.43,8.5,16.3,12.2,10.4,2.6,1.1,17.5,20.1,1.4,2.2,3.6,0.094,-0.5,0.9,0.4,1.1
Scott Brooks,PG,23,PHI,82,1372,14.0,0.5329999999999999,0.41200000000000003,0.18600000000000003,1.5,6.2,3.8,28.9,2.4,0.1,13.9,14.1,2.3,0.6,2.9,0.10300000000000001,1.2,-2.7,-1.4,0.2
Mike Brown,C,25,UTA,66,1051,8.4,0.491,0.0,0.524,10.5,16.3,13.6,5.5,1.2,1.0,20.1,15.4,-0.4,1.8,1.4,0.064,-3.8,1.2,-2.6,-0.2
Tony Brown,SF-SG,28,TOT,43,365,10.3,0.486,0.136,0.263,6.8,6.9,6.8,9.8,2.0,0.7,11.4,16.7,0.2,0.4,0.5,0.071,-1.6,-0.9,-2.5,0.0
Mark Bryant,PF,23,POR,56,803,9.1,0.505,0.0,0.27899999999999997,8.5,15.9,12.1,5.3,1.2,0.5,12.9,15.3,0.4,0.7,1.1,0.063,-2.9,-1.2,-4.1,-0.4
Greg Butler,C,22,NYK,33,140,4.7,0.493,0.063,0.41700000000000004,7.0,15.5,11.1,1.8,0.3,0.8,23.0,20.4,-0.2,0.1,-0.1,-0.034,-7.4,-3.7,-11.1,-0.3
Michael Cage,PF,27,SEA,80,2536,14.7,0.5529999999999999,0.006,0.42100000000000004,11.8,22.3,16.9,6.4,1.7,1.2,14.2,13.7,3.7,2.9,6.7,0.126,0.3,1.3,1.6,2.3
Tony Campbell,SF,26,LAL,63,787,12.5,0.508,0.061,0.24100000000000002,8.0,10.2,9.2,8.5,2.3,0.4,14.0,23.3,0.2,0.9,1.1,0.065,-1.9,-1.5,-3.4,-0.3
Antoine Carr,PF,27,ATL,78,1488,12.7,0.541,0.002,0.32299999999999995,7.6,12.5,10.0,8.6,1.0,2.5,13.2,17.0,1.9,1.4,3.3,0.106,-0.7,0.4,-0.3,0.6
Joe Barry Carroll,C,30,NJN,64,1996,14.2,0.49700000000000005,0.0,0.272,6.4,20.4,13.2,8.0,1.7,2.4,13.6,21.5,0.1,2.2,2.3,0.055999999999999994,-2.6,1.2,-1.4,0.3
Bill Cartwright,C,31,CHI,78,2333,11.0,0.535,0.0,0.401,7.8,17.7,12.9,5.4,0.4,1.1,17.4,20.1,0.1,2.0,2.1,0.042,-3.5,-1.3,-4.8,-1.7
Terry Catledge,PF,25,WSB,79,2077,12.6,0.518,0.006999999999999999,0.373,11.6,18.8,15.0,5.0,1.1,0.7,13.1,17.6,1.4,1.9,3.3,0.077,-1.3,-0.6,-1.9,0.0
Ron Cavenall,C,29,NJN,5,16,7.4,0.5770000000000001,0.0,1.6669999999999998,0.0,14.4,6.9,0.0,0.0,7.4,27.8,18.4,0.0,0.0,0.0,-0.055,-9.7,-0.6,-10.4,0.0
Tom Chambers,PF,29,PHO,81,3002,19.3,0.547,0.052000000000000005,0.364,5.3,18.4,12.1,11.1,1.3,1.0,10.8,28.2,5.1,4.1,9.2,0.146,1.2,0.0,1.2,2.4
Mike Champion,SF,24,SEA,2,4,-43.7,0.0,0.33299999999999996,0.0,0.0,0.0,0.0,0.0,0.0,0.0,25.0,39.8,-0.1,0.0,-0.1,-0.9520000000000001,-31.3,-9.6,-40.8,0.0
Rex Chapman,SG,21,CHH,75,2219,12.6,0.467,0.15,0.153,3.5,5.9,4.7,12.6,1.5,0.7,7.7,27.1,-0.7,0.4,-0.2,-0.005,-0.7,-2.5,-3.2,-0.7
Maurice Cheeks*,PG,32,PHI,71,2298,16.5,0.527,0.019,0.28,1.9,7.1,4.5,32.6,2.2,0.4,12.9,16.2,4.3,1.0,5.3,0.11,1.4,-1.5,-0.1,1.1
Derrick Chievous,SF,21,HOU,81,1539,11.6,0.506,0.038,0.385,8.1,9.9,9.0,7.4,1.5,0.4,15.5,22.9,0.0,1.6,1.6,0.05,-2.5,-1.4,-3.9,-0.7
Ben Coleman,PF,27,PHI,58,703,11.2,0.537,0.0,0.32,7.8,20.6,14.1,3.4,0.7,1.5,14.9,19.1,0.3,0.5,0.8,0.051,-3.4,-2.4,-5.8,-0.7
Steve Colter,PG,26,WSB,80,1425,14.1,0.503,0.055,0.365,4.6,9.6,7.0,21.2,2.3,0.6,10.8,16.7,1.8,1.3,3.1,0.105,-0.1,0.0,-0.1,0.7
Dallas Comegys,PF,24,SAS,67,1119,11.9,0.532,0.006,0.47200000000000003,10.5,12.5,11.5,3.7,1.7,3.4,17.1,17.3,0.3,1.1,1.4,0.06,-3.0,0.1,-2.9,-0.3
Lester Conner,PG,29,NJN,82,2532,17.2,0.531,0.055,0.39799999999999996,4.3,11.6,7.8,33.2,3.4,0.1,18.6,15.8,3.6,2.6,6.2,0.11800000000000001,1.2,1.3,2.4,2.8
Darwin Cook,SG,30,TOT,66,1143,11.8,0.495,0.086,0.163,3.0,7.2,5.0,15.6,2.8,0.5,14.7,20.3,-0.1,1.1,0.9,0.039,-2.3,-1.1,-3.3,-0.4
Michael Cooper,SG,32,LAL,80,1943,11.9,0.5489999999999999,0.425,0.188,2.0,8.5,5.5,20.3,1.8,0.9,14.9,13.4,2.6,1.8,4.4,0.11,0.7,-0.3,0.4,1.2
Wayne Cooper,C,32,DEN,79,1864,13.6,0.53,0.009000000000000001,0.239,11.1,23.8,17.1,5.0,0.9,6.4,13.0,11.6,1.9,3.1,5.0,0.128,-2.4,3.5,1.0,1.4
Tyrone Corbin,SF,26,PHO,77,1655,14.7,0.5920000000000001,0.004,0.39399999999999996,11.8,13.7,12.8,8.9,2.3,0.4,14.7,15.0,3.1,2.3,5.4,0.156,1.9,1.8,3.6,2.3
Dave Corzine,C,32,CHI,81,1483,10.8,0.49700000000000005,0.018000000000000002,0.218,7.4,16.8,12.3,9.5,1.0,1.8,16.2,16.6,-0.1,1.5,1.4,0.046,-3.5,0.2,-3.3,-0.5
Winston Crite,SF,23,PHO,2,6,-20.3,0.0,0.0,0.0,18.5,0.0,8.9,0.0,0.0,0.0,25.0,26.4,-0.1,0.0,-0.1,-0.57,-20.6,-6.5,-27.1,0.0
Pat Cummings,PF,32,MIA,53,1096,11.0,0.534,0.005,0.24600000000000002,8.3,21.0,14.4,6.8,1.3,1.0,20.3,20.3,-0.5,1.1,0.6,0.026000000000000002,-4.0,-0.7,-4.7,-0.7
Terry Cummings,SF,27,MIL,80,2824,19.7,0.518,0.01,0.294,11.3,15.3,13.3,11.7,1.8,1.6,10.2,28.9,4.2,3.5,7.7,0.131,1.6,0.0,1.7,2.6
Earl Cureton,C,31,CHH,82,2047,10.1,0.512,0.002,0.265,9.7,17.1,13.2,8.4,1.2,1.8,18.0,12.7,0.3,1.2,1.5,0.035,-2.2,1.7,-0.5,0.8
Dell Curry,SG,24,CHH,48,813,18.3,0.527,0.106,0.08800000000000001,3.4,11.2,7.1,11.2,2.5,0.3,7.5,29.5,0.4,0.5,0.9,0.052000000000000005,1.1,-2.5,-1.4,0.1
Quintin Dailey,SG,28,LAC,69,1722,16.3,0.511,0.009000000000000001,0.297,4.3,8.4,6.3,14.2,2.4,0.2,10.1,27.7,1.1,1.0,2.0,0.055999999999999994,-0.3,-2.4,-2.8,-0.3
Adrian Dantley*,SF,32,TOT,73,2422,17.4,0.581,0.001,0.595,5.5,9.0,7.3,10.9,0.9,0.3,11.9,24.3,5.5,1.9,7.4,0.147,1.5,-1.3,0.2,1.4
Brad Daugherty,C,23,CLE,78,2821,18.5,0.594,0.003,0.518,7.1,20.9,14.4,14.8,1.1,0.8,15.6,22.2,5.0,4.6,9.6,0.16399999999999998,1.2,1.4,2.6,3.3
Brad Davis,PG,33,DAL,78,1395,13.3,0.574,0.26899999999999996,0.325,1.1,7.3,4.3,25.2,1.7,0.8,17.5,16.3,1.8,1.0,2.7,0.094,-0.2,-1.8,-2.0,0.0
Charles Davis,SF,30,CHI,49,545,10.3,0.45899999999999996,0.079,0.13699999999999998,10.3,13.8,12.1,7.9,1.0,0.6,9.8,17.6,0.1,0.4,0.5,0.048,-2.9,-1.8,-4.6,-0.4
Mark Davis,SF,25,TOT,33,258,15.0,0.5429999999999999,0.098,0.33299999999999996,7.1,9.6,8.3,8.1,2.5,1.2,9.3,20.7,0.4,0.3,0.7,0.134,0.0,-0.9,-1.0,0.1
Walter Davis,SG,34,DEN,81,1857,16.7,0.544,0.064,0.185,2.2,6.5,4.2,15.3,1.7,0.2,10.2,26.7,2.1,1.4,3.5,0.092,0.6,-3.1,-2.5,-0.2
Darryl Dawkins,C,32,DET,14,48,8.2,0.501,0.0,0.9470000000000001,7.4,9.0,8.2,3.1,0.0,1.3,12.9,27.6,0.0,0.0,0.0,0.027000000000000003,-4.8,-4.2,-8.9,-0.1
Johnny Dawkins,PG,25,SAS,32,1083,13.4,0.505,0.01,0.28,3.1,7.3,5.1,28.9,2.3,0.0,19.8,20.1,0.2,0.8,1.0,0.044000000000000004,-1.3,-1.4,-2.7,-0.2
Vinny Del Negro,SG,22,SAC,80,1556,12.7,0.52,0.04,0.19899999999999998,3.3,8.6,5.9,19.0,2.0,0.5,12.3,16.4,1.5,1.0,2.5,0.077,-1.2,-0.6,-1.8,0.1
Fennis Dembo,SF,23,DET,31,74,7.8,0.38799999999999996,0.095,0.23800000000000002,12.8,21.9,17.6,10.1,0.7,0.0,13.1,30.9,-0.2,0.1,-0.1,-0.037000000000000005,-6.0,-2.8,-8.8,-0.1
James Donaldson,C,31,DAL,53,1746,14.2,0.614,0.0,0.368,10.1,25.7,18.0,3.1,0.7,2.7,17.5,11.8,2.1,2.3,4.4,0.122,-1.7,1.3,-0.4,0.7
Greg Dreiling,C,26,IND,53,396,8.1,0.613,0.0,0.831,11.6,14.0,12.9,6.1,0.6,1.6,27.1,15.2,0.1,0.2,0.4,0.045,-2.6,-0.9,-3.5,-0.2
Clyde Drexler*,SG,26,POR,78,3064,23.6,0.555,0.062,0.32799999999999996,9.9,11.9,10.9,22.2,3.2,1.0,11.6,27.2,8.8,3.8,12.6,0.19699999999999998,5.9,1.5,7.3,7.2
Kevin Duckworth,C,24,POR,79,2662,13.9,0.531,0.002,0.369,9.7,16.4,12.9,3.1,1.0,1.1,12.9,22.4,2.5,2.3,4.8,0.086,-1.7,-2.0,-3.7,-1.1
Chris Dudley,C,23,CLE,61,544,8.7,0.43,0.006,0.637,15.8,16.7,16.3,5.2,0.8,2.4,17.0,20.2,-0.7,0.8,0.1,0.011000000000000001,-5.0,-0.6,-5.6,-0.5
Joe Dumars*,SG,25,DET,69,2408,16.8,0.5710000000000001,0.032,0.33899999999999997,2.8,5.2,4.0,24.3,1.3,0.1,14.6,21.6,4.8,2.2,7.0,0.14,2.0,-0.8,1.1,1.9
Mike Dunleavy,PG,34,MIL,2,5,17.7,0.75,1.0,0.0,0.0,0.0,0.0,0.0,0.0,0.0,0.0,16.6,0.0,0.0,0.0,0.18899999999999997,6.7,-6.5,0.1,0.0
T.R. Dunn,SG,33,PHO,34,321,7.0,0.41,0.0,0.34299999999999997,10.4,9.5,9.9,8.5,1.7,0.2,13.0,5.7,0.3,0.3,0.6,0.08800000000000001,-1.2,2.0,0.9,0.2
Ledell Eackles,SG,22,WSB,80,1459,15.2,0.519,0.055,0.473,7.2,6.2,6.7,12.6,1.3,0.2,12.6,27.8,1.4,0.8,2.1,0.07,0.0,-3.0,-3.0,-0.4
Mark Eaton,C,32,UTA,82,2914,10.6,0.513,0.0,0.491,9.4,21.8,16.1,3.8,0.7,6.5,22.3,9.2,0.0,6.5,6.6,0.10800000000000001,-3.1,6.1,3.0,3.7
James Edwards,C,33,DET,76,1254,11.6,0.547,0.005,0.46,6.4,14.0,10.4,5.7,0.4,1.5,12.4,19.8,1.3,1.5,2.8,0.109,-1.9,-0.5,-2.4,-0.1
Kevin Edwards,SG,23,MIA,79,2349,12.6,0.46,0.033,0.175,3.9,8.8,6.3,24.3,2.9,0.7,17.1,24.8,-2.3,2.2,-0.2,-0.003,-2.1,0.0,-2.1,-0.1
Craig Ehlo,SG,27,CLE,82,1867,13.7,0.528,0.191,0.223,6.4,11.2,8.9,19.2,2.9,0.6,16.8,15.7,1.5,3.1,4.6,0.11800000000000001,0.3,2.0,2.3,2.0
Dale Ellis,SG,28,SEA,82,3190,19.7,0.589,0.198,0.27,5.3,6.7,6.0,8.1,1.6,0.4,10.2,26.6,9.2,1.6,10.8,0.163,4.6,-2.6,2.1,3.3
Wayne Englestad,PF,22,DEN,11,50,12.4,0.419,0.0,0.345,9.8,24.0,16.5,18.9,0.9,0.0,8.2,27.9,0.0,0.1,0.0,0.031,-2.9,-2.2,-5.1,0.0
Alex English*,SF,35,DEN,82,2990,19.0,0.531,0.004,0.201,4.8,6.5,5.6,19.7,1.0,0.2,8.8,28.8,5.1,1.7,6.8,0.11,2.5,-2.7,-0.2,1.3
Patrick Ewing*,C,26,NYK,80,2896,22.1,0.607,0.005,0.37799999999999995,8.0,20.7,14.2,9.5,1.9,5.6,15.1,23.6,6.2,4.7,10.9,0.18100000000000002,1.5,3.2,4.7,4.9
Jim Farmer,SG,24,UTA,37,412,8.4,0.475,0.141,0.289,6.4,8.3,7.4,10.2,1.1,0.0,14.0,19.1,-0.1,0.5,0.4,0.045,-3.0,-0.9,-3.9,-0.2
Dave Feitl,C,26,WSB,57,828,8.7,0.485,0.004,0.244,8.7,18.3,13.3,5.8,1.0,1.3,18.1,17.4,-0.4,0.8,0.4,0.022000000000000002,-4.3,-0.5,-4.8,-0.6
Rolando Ferreira,C,24,POR,12,34,-7.6,0.209,0.0,0.444,12.4,29.7,20.8,3.3,0.0,1.7,21.8,31.2,-0.3,0.0,-0.2,-0.35200000000000004,-18.8,-5.2,-24.0,-0.2
Duane Ferrell,SF,23,ATL,41,231,12.0,0.488,0.0,0.53,8.8,10.5,9.7,6.1,1.5,1.6,10.5,20.1,0.2,0.2,0.4,0.08199999999999999,-2.2,-1.5,-3.7,-0.1
Vern Fleming,PG,26,IND,76,2552,15.8,0.5720000000000001,0.027999999999999997,0.373,3.9,9.2,6.7,28.1,1.5,0.3,16.8,18.7,4.6,1.1,5.6,0.106,1.7,-0.8,0.8,1.8
Sleepy Floyd,PG,28,HOU,82,2788,16.4,0.565,0.327,0.34600000000000003,1.9,9.9,5.9,35.5,2.1,0.2,19.7,18.5,4.4,3.3,7.7,0.133,2.3,-0.7,1.5,2.5
Tellis Frank,PF,23,GSW,32,245,9.4,0.47200000000000003,0.011000000000000001,0.56,10.7,14.2,12.5,7.7,2.6,1.4,20.4,22.0,-0.2,0.3,0.1,0.017,-4.5,-0.6,-5.1,-0.2
Anthony Frederick,SF,24,IND,46,313,11.9,0.5429999999999999,0.04,0.272,9.8,8.7,9.2,9.8,2.2,1.1,19.5,23.2,0.0,0.2,0.2,0.025,-1.9,-1.4,-3.3,-0.1
Corey Gaines,SG,23,NJN,32,337,9.1,0.47200000000000003,0.078,0.25,1.0,5.5,3.1,26.1,2.1,0.2,22.0,11.1,0.1,0.2,0.2,0.035,-4.1,-2.1,-6.2,-0.4
Kevin Gamble,SF,23,BOS,44,375,15.8,0.584,0.081,0.40399999999999997,3.4,9.4,6.4,13.1,1.8,0.5,10.6,19.9,0.7,0.2,1.0,0.12300000000000001,0.6,-2.1,-1.6,0.0
Winston Garland,PG,24,GSW,79,2661,14.7,0.483,0.04,0.23399999999999999,3.8,8.5,6.2,24.9,2.9,0.3,13.6,19.5,1.9,2.6,4.5,0.08199999999999999,0.0,0.1,0.0,1.4
Tom Garrick,SG,22,LAC,71,1499,11.0,0.547,0.036000000000000004,0.354,2.6,8.5,5.6,21.0,2.4,0.3,21.9,14.0,0.5,0.9,1.4,0.044000000000000004,-2.4,-0.7,-3.1,-0.4
Kenny Gattison,PF,24,PHO,2,9,-2.8,0.266,0.0,2.0,0.0,11.3,5.9,0.0,0.0,0.0,0.0,8.3,0.0,0.0,0.0,-0.037000000000000005,-8.3,-2.3,-10.6,0.0
Ben Gillery,C,23,SAC,24,84,5.0,0.429,0.0,1.2109999999999999,8.8,20.8,14.7,3.1,1.1,2.8,14.7,16.7,-0.1,0.1,0.0,0.013999999999999999,-7.0,-0.9,-7.9,-0.1
Armen Gilliam,PF,24,PHO,74,2120,15.7,0.5479999999999999,0.0,0.34700000000000003,8.7,18.1,13.6,3.4,1.2,0.7,11.6,22.7,2.3,2.7,5.1,0.115,-0.9,-1.2,-2.1,-0.1
Mike Gminski,C,29,PHI,82,2739,18.5,0.535,0.005,0.292,8.7,22.9,15.7,7.4,0.8,2.3,8.9,21.9,4.8,2.2,7.0,0.122,0.2,-0.4,-0.2,1.2
Grant Gondrezick,SG,26,LAC,27,244,11.8,0.466,0.11599999999999999,0.42100000000000004,6.6,9.2,7.9,19.0,2.4,0.2,13.1,20.9,0.0,0.2,0.2,0.032,-1.8,-1.9,-3.6,-0.1
Orlando Graham,PF,23,GSW,7,22,6.7,0.34,0.0,0.4,36.5,13.6,25.0,0.0,0.0,0.0,14.5,23.7,0.0,0.0,0.0,-0.047,-5.9,-10.5,-16.4,-0.1
Ron Grandison,PF,24,BOS,72,528,10.1,0.499,0.07,0.563,10.4,9.7,10.0,10.2,1.7,0.3,16.9,16.8,0.3,0.3,0.6,0.055,-1.4,-1.2,-2.7,-0.1
Gary Grant,PG,23,LAC,71,1924,14.1,0.469,0.027000000000000003,0.195,4.5,8.8,6.6,37.6,3.4,0.3,22.3,23.8,-2.0,1.6,-0.4,-0.009000000000000001,-1.4,-0.6,-2.1,0.0
Harvey Grant,PF,23,WSB,71,1193,10.6,0.47700000000000004,0.003,0.146,6.6,8.4,7.5,9.0,1.4,1.4,6.3,14.9,0.9,0.9,1.7,0.07,-1.6,-0.1,-1.7,0.1
Horace Grant,PF,23,CHI,79,2809,13.8,0.547,0.006,0.255,10.2,17.6,14.0,8.2,1.5,1.3,12.8,15.2,3.3,3.1,6.4,0.11,-0.2,1.3,1.1,2.2
Stuart Gray,C,25,IND,72,783,9.1,0.519,0.006999999999999999,0.418,12.6,21.6,17.3,4.9,0.7,1.6,20.9,12.2,0.2,0.7,0.9,0.054000000000000006,-3.2,-0.2,-3.4,-0.3
Sylvester Gray,SF,21,MIA,55,1220,11.2,0.47100000000000003,0.01,0.392,10.4,16.2,13.2,14.2,1.4,1.3,17.9,18.9,-0.4,1.1,0.7,0.027999999999999997,-2.6,0.5,-2.1,0.0
Jeff Grayer,SG,23,MIL,11,200,12.6,0.495,0.027000000000000003,0.27399999999999997,8.0,12.3,10.1,15.7,2.4,0.3,18.8,20.9,0.0,0.2,0.2,0.047,-1.9,0.3,-1.6,0.0
A.C. Green,PF,25,LAL,82,2510,17.8,0.594,0.022000000000000002,0.474,12.3,20.0,16.4,5.5,1.8,1.2,11.5,17.0,5.8,3.5,9.4,0.179,1.6,0.6,2.2,2.7
Rickey Green,PG,34,TOT,63,871,13.7,0.522,0.042,0.125,1.4,7.8,4.5,30.0,2.2,0.1,18.0,16.1,0.6,0.6,1.2,0.067,-1.7,-1.9,-3.6,-0.3
Sidney Green,PF,28,NYK,82,1277,12.6,0.52,0.006999999999999999,0.40299999999999997,13.3,21.1,17.2,7.6,1.7,0.8,20.1,18.9,0.4,1.5,2.0,0.075,-2.3,-0.1,-2.4,-0.1
Dave Greenwood,PF,31,TOT,67,1403,11.8,0.493,0.0,0.446,10.2,21.0,15.3,8.6,1.5,2.1,16.2,15.5,0.5,1.8,2.2,0.076,-2.9,1.1,-1.8,0.1
Darrell Griffith,SG,30,UTA,82,2382,12.3,0.504,0.188,0.174,3.9,11.0,7.7,8.9,1.8,0.6,11.1,22.5,0.2,3.7,3.9,0.078,-1.2,0.3,-0.9,0.7
Pétur Guðmundsson,C,30,SAS,5,70,2.7,0.392,0.0,0.16,7.5,18.1,12.6,9.5,0.7,0.9,23.0,19.3,-0.2,0.1,-0.1,-0.09,-8.1,-1.5,-9.6,-0.1
Jack Haley,PF,25,CHI,51,289,9.9,0.56,0.0,0.59,8.7,19.4,14.2,4.7,1.9,0.0,20.9,18.4,0.0,0.3,0.4,0.064,-4.4,-1.6,-6.0,-0.3
Bob Hansen,SG,28,UTA,46,964,9.7,0.512,0.18,0.25,3.6,10.6,7.4,7.8,1.9,0.4,11.4,16.5,0.2,1.5,1.7,0.083,-1.8,0.9,-0.9,0.3
Bill Hanzlik,PF,31,DEN,41,701,8.6,0.531,0.033,0.5760000000000001,2.5,11.7,6.8,14.2,1.6,0.4,21.9,13.2,0.0,0.6,0.7,0.047,-3.6,-0.1,-3.8,-0.3
Derek Harper,PG,27,DAL,81,2968,18.3,0.561,0.247,0.252,1.7,6.7,4.2,30.1,2.9,0.8,14.1,21.2,5.2,2.8,8.0,0.13,3.3,-0.6,2.8,3.6
Ron Harper,SG,25,CLE,82,2851,19.8,0.57,0.10099999999999999,0.374,5.1,10.8,8.1,22.7,3.2,1.5,14.7,23.4,5.1,5.1,10.2,0.171,2.9,2.3,5.2,5.2
Steve Harris,SG,25,DET,3,7,18.3,0.41,0.0,0.5,0.0,30.8,16.1,0.0,7.2,0.0,0.0,29.9,0.0,0.0,0.0,0.18100000000000002,-8.1,-2.5,-10.6,0.0
Scott Hastings,C,28,MIA,75,1206,9.4,0.515,0.085,0.326,6.5,15.4,10.8,7.1,1.3,2.1,15.3,14.9,0.4,1.1,1.5,0.061,-3.4,0.3,-3.2,-0.3
Hersey Hawkins,SG,22,PHI,79,2577,14.2,0.544,0.171,0.299,2.2,7.6,4.9,13.0,2.3,0.8,12.6,20.3,2.7,1.3,4.0,0.075,1.0,-0.6,0.3,1.5
Gerald Henderson,PG,33,PHI,65,986,12.1,0.526,0.307,0.365,1.9,5.8,3.9,19.2,2.1,0.2,15.3,20.1,0.8,0.3,1.1,0.055,0.1,-2.7,-2.6,-0.2
Rod Higgins,PF,29,GSW,81,1887,15.5,0.583,0.265,0.36200000000000004,5.9,14.0,10.0,10.9,0.9,1.2,9.4,16.2,4.4,1.5,5.9,0.15,1.4,-0.9,0.5,1.2
Roy Hinson,SF,27,NJN,82,2542,14.7,0.54,0.002,0.409,6.4,16.7,11.4,4.3,0.6,2.8,12.0,22.2,2.4,2.0,4.4,0.084,-1.9,-0.7,-2.6,-0.4
Craig Hodges,SG,28,TOT,59,1204,14.5,0.581,0.419,0.133,2.3,6.1,4.3,17.2,1.8,0.2,11.1,18.1,2.1,0.8,2.9,0.11699999999999999,1.8,-2.3,-0.5,0.5
Mike Holton,PG,27,CHH,67,1696,12.3,0.488,0.027999999999999997,0.284,1.9,5.2,3.4,33.8,1.9,0.4,17.3,16.6,0.9,0.4,1.3,0.038,-1.6,-2.4,-4.1,-0.9
Dave Hoppen,C,24,CHH,77,1419,11.8,0.604,0.006,0.39399999999999996,9.1,21.5,15.0,5.5,0.8,0.9,15.7,14.2,1.7,0.9,2.6,0.086,-1.7,-0.3,-1.9,0.0
Dennis Hopson,SG,23,NJN,62,1551,13.8,0.486,0.038,0.307,6.3,8.2,7.2,10.2,2.2,1.2,11.2,24.1,0.6,1.2,1.7,0.053,-1.3,-0.6,-1.9,0.0
Tito Horford,C,23,MIL,25,112,3.6,0.386,0.0,0.413,9.2,13.6,11.4,3.7,0.4,3.9,21.6,25.7,-0.4,0.1,-0.3,-0.136,-10.2,-1.9,-12.0,-0.3
Jeff Hornacek,SG,25,PHO,78,2487,16.3,0.545,0.091,0.2,3.4,7.8,5.7,24.2,2.4,0.2,10.3,17.2,4.9,2.8,7.7,0.149,2.5,0.7,3.2,3.3
Phil Hubbard,SF,32,CLE,31,191,11.7,0.493,0.0,0.397,8.7,14.6,11.8,7.9,1.5,0.0,10.8,18.5,0.1,0.3,0.4,0.096,-2.9,-1.1,-4.0,-0.1
Eddie Hughes,PG,28,DEN,26,224,11.4,0.505,0.344,0.188,2.6,6.3,4.4,18.7,3.4,0.5,13.7,13.7,0.1,0.3,0.4,0.08900000000000001,-1.2,-0.5,-1.6,0.0
Jay Humphries,PG,26,MIL,73,2220,14.6,0.539,0.132,0.221,3.6,6.3,4.9,25.9,3.1,0.1,17.0,17.6,2.4,2.5,4.9,0.105,1.2,0.2,1.3,1.9
Marc Iavaroni,PF,32,UTA,77,796,5.3,0.494,0.006,0.27,6.2,11.8,9.2,5.6,0.7,1.0,22.2,12.4,-0.5,1.1,0.6,0.036000000000000004,-4.8,0.9,-3.9,-0.4
Mark Jackson,PG,23,NYK,72,2477,18.3,0.535,0.23399999999999999,0.252,4.6,10.8,7.7,33.7,2.6,0.2,16.6,21.3,4.8,2.5,7.2,0.14,3.2,0.1,3.3,3.3
Michael Jackson,PG,24,SAC,14,70,6.7,0.42200000000000004,0.25,0.083,1.5,4.7,3.1,21.8,2.0,0.0,13.9,16.9,0.0,0.0,0.0,-0.008,-4.1,-3.2,-7.3,-0.1
Avery Johnson,PG,23,SEA,43,291,10.8,0.37799999999999995,0.10800000000000001,0.193,4.1,5.2,4.6,31.3,3.5,0.6,16.7,14.8,0.0,0.3,0.3,0.045,-2.6,-1.3,-3.9,-0.1
Buck Johnson,SF,25,HOU,67,1850,11.4,0.5589999999999999,0.017,0.26,6.7,10.0,8.4,9.5,1.6,1.1,16.1,14.9,1.5,2.1,3.6,0.094,-0.7,1.2,0.5,1.1
Dennis Johnson*,PG,34,BOS,72,2309,11.5,0.498,0.078,0.306,1.6,7.8,4.7,26.6,2.0,0.5,19.5,16.2,1.0,1.5,2.5,0.051,-1.1,-0.9,-2.0,0.0
Eddie Johnson,SF,29,PHO,70,2043,19.4,0.564,0.141,0.204,5.0,10.7,8.0,12.2,1.1,0.2,8.4,28.3,4.6,1.9,6.5,0.152,3.3,-2.0,1.3,1.7
Frank Johnson,PG,30,HOU,67,879,10.4,0.512,0.024,0.37799999999999995,2.7,7.0,4.9,28.0,2.3,0.0,26.2,17.8,-0.3,1.0,0.6,0.034,-3.4,-1.3,-4.7,-0.6
Kevin Johnson,PG,22,PHO,81,3179,20.5,0.597,0.02,0.511,1.6,9.4,5.7,40.4,2.0,0.4,18.9,21.2,8.6,3.5,12.2,0.184,3.7,-0.1,3.5,4.5
Magic Johnson*,PG,29,LAL,77,2886,26.9,0.625,0.165,0.495,4.6,18.0,11.7,48.6,2.3,0.4,18.4,24.3,12.1,4.0,16.1,0.267,7.9,1.4,9.3,8.2
Steve Johnson,C,31,POR,72,1477,12.4,0.536,0.0,0.434,9.6,17.0,13.2,9.7,0.6,1.7,17.2,21.2,0.5,1.3,1.7,0.055999999999999994,-1.9,-0.9,-2.8,-0.3
Vinnie Johnson,SG,32,DET,82,2073,17.3,0.508,0.044000000000000004,0.264,6.2,7.6,7.0,18.4,1.8,0.5,8.6,25.1,3.4,2.4,5.9,0.136,1.6,-0.1,1.5,1.8
Anthony Jones,SG,26,TOT,33,196,13.4,0.442,0.203,0.203,8.1,7.8,8.0,13.0,2.8,0.9,5.5,20.1,0.1,0.2,0.3,0.078,-0.6,-0.9,-1.5,0.0
Bill Jones,PF,22,NJN,37,307,13.9,0.5329999999999999,0.01,0.42200000000000004,7.0,10.1,8.5,9.6,2.7,1.2,13.0,18.5,0.3,0.3,0.6,0.08900000000000001,-1.4,0.1,-1.3,0.1
Caldwell Jones,PF,38,POR,72,1279,6.8,0.48100000000000004,0.005,0.33299999999999996,7.2,18.6,12.7,5.3,0.9,3.9,28.3,8.8,-0.6,1.5,0.8,0.031,-4.9,2.6,-2.4,-0.1
Charles Jones,C,31,WSB,53,1154,7.4,0.5,0.008,0.2,7.0,17.8,12.2,4.4,1.6,3.9,22.3,6.1,0.1,1.5,1.6,0.068,-3.6,4.0,0.4,0.7
Charles Jones,PF,27,WSB,43,516,10.7,0.522,0.037000000000000005,0.6459999999999999,11.0,19.0,14.8,4.3,1.7,1.8,17.3,9.9,0.3,0.6,0.9,0.086,-2.7,1.3,-1.4,0.1
Shelton Jones,SF,22,TOT,51,682,10.4,0.5,0.005,0.38299999999999995,5.1,13.4,9.2,8.2,1.5,1.3,16.1,17.6,-0.1,0.4,0.3,0.022000000000000002,-3.4,-0.7,-4.1,-0.4
Michael Jordan*,SG,25,CHI,81,3255,31.1,0.614,0.055,0.442,5.5,17.3,11.6,34.7,3.6,1.2,11.9,32.1,14.6,5.2,19.8,0.292,9.8,2.7,12.6,12.0
Tim Kempton,PF,25,CHH,79,1341,10.4,0.568,0.003,0.618,7.1,18.5,12.5,10.3,1.5,0.6,22.1,16.7,0.2,0.9,1.0,0.036000000000000004,-2.7,0.4,-2.3,-0.1
Steve Kerr,PG,23,PHO,26,157,12.7,0.54,0.37,0.196,2.1,9.1,5.8,18.6,2.0,0.0,10.7,14.1,0.2,0.2,0.4,0.12300000000000001,0.4,-0.8,-0.4,0.1
Jerome Kersey,SF,26,POR,76,2716,16.6,0.511,0.018000000000000002,0.327,9.5,15.8,12.6,12.2,2.3,1.8,11.4,20.8,3.5,3.3,6.8,0.121,0.8,1.6,2.4,3.0
Randolph Keys,SF,22,CLE,42,331,11.5,0.457,0.057999999999999996,0.16899999999999998,8.3,10.7,9.5,8.8,1.8,1.0,10.2,26.4,-0.2,0.5,0.3,0.037000000000000005,-3.6,-1.9,-5.5,-0.3
Albert King,SF,29,SAS,46,791,9.4,0.47,0.098,0.147,4.4,15.6,9.7,14.3,1.6,0.5,17.5,20.7,-0.7,0.7,0.0,-0.003,-4.0,-1.1,-5.1,-0.6
Bernard King*,SF,32,WSB,81,2559,17.7,0.535,0.022000000000000002,0.322,5.4,11.2,8.2,18.2,1.2,0.3,12.7,28.1,3.3,1.7,4.9,0.092,1.7,-1.5,0.2,1.4
Greg Kite,C,27,TOT,70,942,6.3,0.444,0.0,0.272,9.2,18.7,13.9,4.7,1.3,3.2,25.5,9.6,-0.8,0.9,0.1,0.005,-5.6,1.8,-3.8,-0.4
Joe Kleine,C,27,TOT,75,1411,10.0,0.485,0.005,0.35200000000000004,9.7,19.9,14.7,6.4,1.1,0.9,17.3,17.6,-0.2,1.3,1.0,0.035,-3.9,-0.6,-4.5,-0.9
Bart Kofoed,SG,24,UTA,19,176,3.7,0.396,0.03,0.33299999999999996,2.7,4.1,3.5,15.4,2.5,0.0,25.6,12.2,-0.3,0.2,0.0,-0.006,-5.7,0.7,-5.0,-0.1
Jon Koncak,C,25,ATL,74,1531,12.0,0.54,0.011000000000000001,0.424,10.3,22.1,16.1,4.8,1.7,3.8,15.8,10.1,1.3,2.5,3.7,0.11699999999999999,-1.4,3.1,1.8,1.5
Larry Krystkowiak,PF,24,MIL,80,2472,14.2,0.552,0.016,0.45799999999999996,9.1,19.6,14.3,6.1,1.8,0.2,13.8,17.9,3.1,3.2,6.3,0.122,-0.4,0.4,0.0,1.3
Bill Laimbeer,C,31,DET,81,2640,16.6,0.557,0.096,0.23600000000000002,6.2,26.1,16.6,9.8,1.0,2.3,11.5,18.2,4.0,5.0,9.0,0.16399999999999998,0.2,2.8,3.0,3.4
Jeff Lamp,SF,29,LAL,37,176,6.8,0.42100000000000004,0.057999999999999996,0.07200000000000001,4.1,16.6,10.8,11.3,2.2,0.6,18.3,20.5,-0.3,0.2,-0.1,-0.026000000000000002,-6.1,-0.4,-6.5,-0.2
Jerome Lane,PF,22,DEN,54,550,12.3,0.42700000000000005,0.027000000000000003,0.43799999999999994,15.5,22.4,18.7,14.3,1.6,0.4,14.1,24.7,-0.6,0.7,0.1,0.013000000000000001,-2.7,-0.8,-3.5,-0.2
Andrew Lang,C,22,PHO,62,526,11.6,0.5539999999999999,0.0,0.513,11.4,18.0,14.9,2.0,1.5,5.0,16.3,12.9,0.4,0.9,1.4,0.124,-2.4,2.2,-0.3,0.2
Allen Leavell,SG,31,HOU,55,627,7.7,0.41700000000000004,0.218,0.319,2.3,6.8,4.6,26.8,1.9,0.5,22.4,17.7,-0.8,0.7,-0.1,-0.009000000000000001,-4.4,-1.6,-6.0,-0.6
Eric Leckner,C,22,UTA,75,779,9.7,0.591,0.0,0.514,7.4,20.0,14.2,3.1,0.5,1.7,20.4,18.4,0.1,1.4,1.5,0.09300000000000001,-4.2,-0.5,-4.7,-0.5
Keith Lee,PF,26,NJN,57,840,10.8,0.46799999999999997,0.008,0.275,9.4,25.4,17.1,7.0,1.1,2.3,15.5,16.7,-0.2,1.0,0.8,0.045,-4.4,0.7,-3.7,-0.4
Jim Les,PG,25,UTA,82,781,7.9,0.418,0.105,0.5489999999999999,3.5,8.4,6.2,36.5,1.7,0.4,34.8,13.7,-0.8,1.1,0.3,0.018000000000000002,-5.1,-0.7,-5.8,-0.8
Fat Lever,SG,28,DEN,71,2745,20.6,0.513,0.054000000000000006,0.282,6.7,18.9,12.4,26.9,3.2,0.4,10.3,21.3,5.1,4.2,9.2,0.161,3.2,2.5,5.7,5.3
Cliff Levingston,PF,28,ATL,80,2184,13.4,0.563,0.009000000000000001,0.336,9.5,15.4,12.4,4.7,2.2,1.9,13.9,14.1,2.7,2.8,5.5,0.121,0.2,1.8,2.0,2.2
Ralph Lewis,SF,25,CHH,42,336,10.8,0.49200000000000005,0.025,0.322,11.0,9.0,10.0,6.4,1.6,0.5,14.8,19.8,-0.1,0.1,0.0,-0.005,-2.7,-1.7,-4.4,-0.2
Reggie Lewis,SF,23,BOS,81,2657,17.6,0.534,0.018000000000000002,0.29100000000000004,5.1,11.1,8.1,12.4,2.3,1.6,9.2,24.1,4.4,2.4,6.9,0.124,1.3,0.0,1.3,2.2
Alton Lister,C,30,SEA,82,1806,13.7,0.529,0.0,0.32799999999999996,12.4,21.6,16.9,4.0,0.7,6.0,15.8,16.3,1.3,2.3,3.7,0.09699999999999999,-2.1,1.6,-0.6,0.7
Rob Lock,PF,22,LAC,20,110,5.3,0.389,0.0,0.469,13.6,17.4,15.5,4.5,1.3,2.0,25.2,18.5,-0.3,0.1,-0.2,-0.083,-8.0,-1.4,-9.4,-0.2
Brad Lohaus,PF,24,TOT,77,1214,11.6,0.47200000000000003,0.023,0.212,7.7,15.8,11.8,7.7,1.2,2.7,12.7,20.7,-0.3,1.1,0.9,0.034,-3.5,-0.5,-4.0,-0.6
Grant Long,PF,22,MIA,82,2435,13.7,0.561,0.006999999999999999,0.5870000000000001,10.7,14.7,12.6,9.1,2.4,1.2,18.8,17.9,2.0,2.7,4.6,0.091,-0.4,1.3,0.9,1.8
John Long,SG,32,TOT,68,919,9.5,0.474,0.055999999999999994,0.212,2.3,6.8,4.7,12.5,1.5,0.2,12.7,20.5,-0.2,0.4,0.2,0.011000000000000001,-3.3,-2.1,-5.5,-0.8
Sidney Lowe,SG,29,CHH,14,250,13.7,0.385,0.08,0.44,2.5,13.1,7.5,44.6,2.7,0.0,23.2,6.4,0.3,0.2,0.5,0.1,-2.8,-1.2,-4.0,-0.1
John Lucas,PG,35,SEA,74,842,16.6,0.466,0.22699999999999998,0.258,2.8,7.8,5.2,40.7,3.4,0.1,16.5,18.9,1.1,0.8,1.9,0.109,0.5,-2.3,-1.7,0.1
Rick Mahorn,PF,30,DET,72,1795,12.1,0.5660000000000001,0.005,0.39399999999999996,9.3,21.3,15.6,4.4,1.1,2.3,17.4,13.3,1.5,3.1,4.6,0.12300000000000001,-1.6,2.5,0.9,1.3
Dan Majerle,SG,23,PHO,54,1354,11.3,0.479,0.19,0.294,5.1,11.1,8.2,11.8,2.1,0.6,9.0,15.7,0.9,1.7,2.5,0.09,-0.1,1.3,1.2,1.1
Jeff Malone,SG,27,WSB,76,2418,16.7,0.529,0.013000000000000001,0.24100000000000002,2.4,5.8,4.0,14.9,0.8,0.3,9.6,28.6,3.2,0.9,4.1,0.081,0.8,-3.4,-2.6,-0.3
Karl Malone*,PF,25,UTA,80,3126,24.4,0.5920000000000001,0.01,0.589,10.0,19.6,15.1,12.8,2.3,1.3,12.7,30.4,8.6,6.6,15.2,0.233,4.2,1.9,6.1,6.5
Moses Malone*,C,33,ATL,81,2878,21.2,0.581,0.011000000000000001,0.649,14.4,21.9,18.1,5.8,1.3,2.1,14.8,23.4,6.8,3.9,10.7,0.17800000000000002,2.0,0.0,2.1,3.0
Danny Manning,PF,22,LAC,26,950,13.4,0.5379999999999999,0.013999999999999999,0.28800000000000003,7.9,11.3,9.6,12.2,2.1,1.5,18.7,20.6,0.0,0.7,0.7,0.034,-1.0,0.5,-0.5,0.4
Pace Mannion,SF,28,TOT,10,32,7.3,0.5,0.25,0.0,0.0,17.0,8.7,8.3,4.6,0.0,27.3,14.1,-0.1,0.1,0.0,0.008,-5.1,1.2,-3.8,0.0
Vernon Maxwell,SG,23,SAS,79,2065,12.1,0.496,0.156,0.294,2.5,8.5,5.4,20.7,1.9,0.2,16.0,20.9,0.1,1.4,1.5,0.035,-1.6,-1.7,-3.3,-0.7
Tim McCormick,C,26,HOU,81,1257,9.3,0.521,0.011000000000000001,0.368,7.6,14.9,11.2,5.9,0.7,1.1,14.3,15.2,0.6,1.4,2.0,0.075,-2.9,-0.4,-3.3,-0.4
Rodney McCray,SF,27,SAC,68,2435,13.1,0.513,0.03,0.321,6.2,16.6,11.3,16.9,1.1,0.9,16.8,16.8,1.1,1.8,2.9,0.057,-1.2,1.1,0.0,1.2
Xavier McDaniel,SF,25,SEA,82,2385,18.6,0.5329999999999999,0.026000000000000002,0.308,8.0,12.4,10.2,9.1,1.7,1.0,11.8,29.8,3.5,1.8,5.3,0.107,0.7,-2.2,-1.5,0.3
Ben McDonald,PF,26,GSW,11,103,12.0,0.684,0.0,0.789,3.9,7.7,5.8,6.0,1.7,0.0,10.5,10.5,0.2,0.1,0.3,0.131,-0.7,-1.4,-2.1,0.0
Mike McGee,SG,29,NJN,80,2027,13.2,0.529,0.278,0.157,3.9,6.6,5.2,9.1,1.9,0.4,11.2,22.3,1.2,1.1,2.3,0.055,0.6,-1.7,-1.2,0.4
Kevin McHale*,PF,31,BOS,78,2876,20.3,0.608,0.003,0.44,9.0,16.3,12.7,9.1,0.4,2.0,11.9,23.7,8.1,1.9,10.1,0.168,3.1,-0.9,2.1,3.0
Derrick McKey,SF,22,SEA,82,2804,15.5,0.575,0.092,0.387,6.5,12.2,9.3,10.7,1.8,1.5,14.2,18.8,5.0,2.3,7.4,0.126,1.6,0.6,2.2,3.0
Nate McMillan,PG,24,SEA,75,2341,14.5,0.46799999999999997,0.14400000000000002,0.39,6.6,12.1,9.3,36.4,3.2,1.1,27.1,13.3,1.7,2.7,4.4,0.09,0.4,1.7,2.1,2.4
Mark McNamara,C,29,LAL,39,318,11.2,0.575,0.0,1.219,14.3,20.4,17.5,3.9,0.6,0.5,19.6,15.9,0.4,0.3,0.7,0.106,-2.2,-2.1,-4.2,-0.2
Reggie Miller*,SG,23,IND,74,2536,15.7,0.602,0.294,0.409,3.4,9.1,6.4,12.9,1.8,0.7,12.7,18.5,5.2,1.3,6.5,0.124,2.7,-0.4,2.3,2.8
Todd Mitchell,SF,22,TOT,24,353,7.5,0.491,0.0,0.66,5.5,10.6,7.9,8.6,2.2,0.3,20.9,18.1,-0.4,0.3,-0.1,-0.008,-4.9,-0.6,-5.5,-0.3
Paul Mokeski,C,32,MIL,74,690,8.2,0.44299999999999995,0.159,0.311,10.4,21.1,15.7,6.7,2.0,1.9,15.8,13.3,-0.1,1.1,1.0,0.07200000000000001,-3.2,1.5,-1.7,0.1
Sidney Moncrief*,PG,31,MIL,62,1594,16.4,0.591,0.13699999999999998,0.445,3.3,9.3,6.2,16.9,2.0,0.5,12.9,19.0,3.5,1.6,5.0,0.151,1.8,-0.3,1.5,1.4
Chris Morris,SF,23,NJN,76,2096,15.0,0.528,0.193,0.281,9.7,11.5,10.5,8.8,2.3,1.7,15.7,23.6,0.8,2.0,2.8,0.064,0.5,0.2,0.7,1.4
Richard Morton,PG,22,IND,2,11,12.9,0.75,0.0,0.0,0.0,0.0,0.0,15.7,0.0,0.0,20.0,19.0,0.0,0.0,0.0,0.067,-1.3,-8.1,-9.4,0.0
Chris Mullin*,SF,25,GSW,82,3093,21.9,0.581,0.061,0.33899999999999997,4.9,10.7,7.8,20.1,2.5,0.7,13.6,26.6,7.5,3.1,10.6,0.165,4.0,-0.2,3.7,4.4
Pete Myers,SG,25,TOT,33,270,12.4,0.505,0.027000000000000003,0.6579999999999999,6.1,7.6,6.8,21.6,3.4,0.4,19.6,17.0,0.2,0.3,0.5,0.087,-1.6,-0.2,-1.8,0.0
Larry Nance,PF,29,CLE,73,2526,19.9,0.59,0.004,0.363,7.4,18.0,13.0,9.2,1.1,4.7,9.9,19.9,5.7,4.7,10.3,0.19699999999999998,1.1,2.9,4.0,3.8
Calvin Natt,SF,32,TOT,24,353,10.7,0.501,0.009000000000000001,0.6809999999999999,8.1,15.7,11.7,6.6,1.0,0.5,16.6,19.8,0.0,0.3,0.3,0.036000000000000004,-4.2,-2.2,-6.4,-0.4
Craig Neal,PG,24,TOT,53,500,6.7,0.428,0.276,0.187,1.5,5.1,3.2,31.6,2.3,0.5,28.9,15.0,-0.6,0.3,-0.3,-0.025,-5.3,-3.1,-8.4,-0.8
Ed Nealy,PF,28,TOT,43,258,6.0,0.375,0.055999999999999994,0.25,9.6,22.9,16.5,6.3,1.3,0.2,14.9,7.3,0.0,0.4,0.4,0.066,-3.9,1.1,-2.8,-0.1
Chuck Nevitt,C,29,HOU,43,228,8.1,0.47100000000000003,0.0,0.258,8.1,22.1,15.2,1.8,1.0,7.5,24.2,16.1,-0.4,0.5,0.1,0.022000000000000002,-8.0,2.3,-5.6,-0.2
Johnny Newman,SF,25,NYK,81,2336,15.3,0.5820000000000001,0.3,0.36700000000000005,4.3,5.5,4.9,9.4,2.2,0.6,12.1,21.0,4.9,1.8,6.7,0.138,2.3,-1.2,1.1,1.8
Norm Nixon,PG,33,LAC,53,1318,9.8,0.45399999999999996,0.078,0.17600000000000002,1.1,5.3,3.2,33.3,1.6,0.0,22.8,15.5,-0.6,0.3,-0.4,-0.013000000000000001,-4.0,-3.8,-7.8,-1.9
Ken Norman,SF,24,LAC,80,3020,15.4,0.522,0.017,0.212,8.7,14.9,11.8,13.6,1.6,1.2,12.9,20.8,1.9,2.1,4.0,0.064,0.4,0.3,0.7,2.0
Charles Oakley,PF,25,NYK,82,2604,14.8,0.56,0.057,0.305,14.3,22.7,18.4,9.3,1.8,0.3,20.7,17.8,2.5,3.3,5.7,0.106,0.4,1.1,1.5,2.3
Hakeem Olajuwon*,C,26,HOU,82,3024,25.2,0.552,0.006,0.419,12.2,27.2,19.8,8.2,3.3,5.5,13.0,28.2,4.6,7.8,12.4,0.19699999999999998,1.3,4.1,5.4,5.6
José Ortiz,PF,25,UTA,51,327,8.1,0.47700000000000004,0.008,0.41600000000000004,11.0,8.8,9.8,5.3,1.2,1.3,19.6,23.8,-0.5,0.5,-0.1,-0.01,-5.3,-1.2,-6.5,-0.4
Robert Parish*,C,35,BOS,80,2840,21.6,0.607,0.0,0.391,14.0,26.1,20.1,9.1,1.4,2.4,14.0,20.9,6.9,3.6,10.5,0.177,3.0,1.2,4.2,4.5
Jim Paxson,PG,31,BOS,57,1138,11.5,0.502,0.054000000000000006,0.231,1.8,5.6,3.7,13.2,1.6,0.4,10.4,20.0,0.7,0.5,1.3,0.053,-1.6,-2.4,-4.0,-0.6
John Paxson,PG,28,CHI,78,1738,12.0,0.536,0.259,0.07,0.9,5.2,3.1,24.3,1.5,0.2,11.8,14.8,2.3,1.0,3.3,0.091,-0.6,-2.9,-3.4,-0.6
Will Perdue,C,23,CHI,30,190,7.2,0.42200000000000004,0.0,0.19399999999999998,11.3,15.9,13.7,8.1,1.0,1.9,16.1,21.0,-0.3,0.2,-0.1,-0.021,-5.9,-1.4,-7.2,-0.3
Sam Perkins,PF,27,DAL,78,2860,15.3,0.53,0.04,0.34299999999999997,9.2,17.3,13.3,6.7,1.3,1.9,11.3,18.8,3.3,3.1,6.4,0.10800000000000001,-0.2,0.8,0.5,1.8
Tim Perry,C,23,PHO,62,614,14.4,0.56,0.02,0.32299999999999995,11.0,11.8,11.4,3.8,1.4,2.9,13.9,17.2,0.6,0.8,1.4,0.109,-1.0,0.4,-0.6,0.2
Chuck Person,SF,24,IND,80,3012,15.2,0.544,0.141,0.21100000000000002,5.6,13.0,9.5,15.6,1.3,0.3,16.2,26.3,1.4,1.7,3.0,0.048,0.9,-1.0,-0.1,1.5
Jim Petersen,C,26,SAC,66,1633,11.4,0.498,0.013000000000000001,0.254,7.8,19.5,13.6,7.3,1.4,2.4,17.9,20.6,-1.1,1.8,0.6,0.019,-4.0,0.6,-3.4,-0.6
Ricky Pierce,SG,29,MIL,75,2078,18.6,0.573,0.035,0.292,4.5,6.5,5.5,12.4,1.8,0.6,8.9,25.2,5.0,1.7,6.7,0.155,2.5,-1.6,0.8,1.5
Ed Pinckney,PF,25,TOT,80,2012,17.2,0.591,0.01,0.563,9.0,15.5,12.3,8.3,2.0,1.9,13.3,18.3,4.0,2.1,6.1,0.145,0.6,0.8,1.5,1.8
Scottie Pippen*,SF,23,CHI,73,2413,14.9,0.524,0.08900000000000001,0.34700000000000003,6.8,14.3,10.7,15.1,2.9,1.5,16.6,21.3,0.7,3.3,4.0,0.08,-0.4,1.9,1.4,2.1
Olden Polynice,C,24,SEA,80,835,10.3,0.535,0.011000000000000001,0.478,12.7,14.9,13.8,3.2,2.1,2.2,17.4,12.6,0.6,0.9,1.5,0.086,-1.7,0.4,-1.2,0.2
Dave Popson,PF,24,TOT,17,106,6.4,0.40700000000000003,0.0,0.1,12.2,15.5,13.9,10.6,0.4,1.6,19.3,19.5,-0.2,0.1,-0.1,-0.065,-6.0,-1.8,-7.8,-0.2
Terry Porter,PG,25,POR,81,3102,17.7,0.555,0.191,0.28300000000000003,2.9,10.2,6.4,32.8,2.2,0.2,16.1,19.1,6.5,2.6,9.2,0.142,2.8,-0.6,2.2,3.3
Paul Pressey,SG,30,MIL,67,2170,15.0,0.539,0.085,0.37200000000000005,3.8,10.2,7.0,28.1,2.7,1.3,19.6,17.9,2.1,2.7,4.8,0.105,0.7,1.4,2.2,2.3
Dominic Pressley,PG,24,TOT,13,124,5.3,0.32899999999999996,0.065,0.29,2.5,11.0,6.6,25.8,1.5,0.0,23.9,15.0,-0.3,0.1,-0.2,-0.069,-6.8,-1.4,-8.2,-0.2
Harold Pressley,PF,25,SAC,80,2257,15.7,0.529,0.33799999999999997,0.141,10.1,13.0,11.5,11.3,2.0,1.9,11.8,19.1,2.7,2.1,4.8,0.102,1.9,0.8,2.7,2.7
Mark Price,PG,24,CLE,75,2728,20.6,0.623,0.21,0.29,2.1,7.0,4.7,33.8,2.1,0.1,15.7,21.0,8.0,3.3,11.3,0.19899999999999998,4.6,-1.1,3.5,3.8
Kurt Rambis,PF,30,CHH,75,2233,16.1,0.565,0.005,0.396,12.7,22.7,17.4,9.9,2.1,1.5,16.7,16.2,2.6,2.3,4.8,0.10400000000000001,0.4,2.4,2.8,2.7
Blair Rasmussen,C,26,DEN,77,1308,11.6,0.47600000000000003,0.0,0.14,7.8,15.2,11.3,4.9,1.0,1.8,7.4,19.4,0.4,1.3,1.8,0.065,-3.2,-1.5,-4.7,-0.9
Robert Reid,SF,33,CHH,82,2152,12.2,0.46399999999999997,0.043,0.161,4.0,11.9,7.8,11.4,1.2,0.5,7.5,26.8,-0.8,0.7,-0.1,-0.002,-2.0,-2.2,-4.2,-1.2
Jerry Reynolds,SG,26,SEA,56,737,17.6,0.49700000000000005,0.042,0.46799999999999997,7.2,8.0,7.6,12.0,3.4,2.1,11.7,26.4,0.8,0.8,1.6,0.107,-0.4,-0.4,-0.8,0.2
Mitch Richmond*,SG,23,GSW,79,2717,17.2,0.541,0.065,0.365,5.8,11.4,8.6,17.6,1.4,0.3,14.3,26.2,3.6,1.9,5.6,0.098,1.3,-1.5,-0.2,1.3
Ramón Rivas,C,22,BOS,28,91,9.3,0.47600000000000003,0.032,0.8059999999999999,11.5,18.7,15.1,4.3,2.2,0.6,17.6,23.3,-0.1,0.1,0.0,0.019,-4.6,-2.5,-7.1,-0.1
David Rivers,PG,24,LAL,47,440,9.8,0.47700000000000004,0.049,0.344,3.5,7.1,5.4,30.4,2.5,1.2,30.3,18.9,-0.5,0.5,0.0,0.002,-4.4,-1.0,-5.4,-0.4
Doc Rivers,PG,27,ATL,76,2462,18.4,0.5479999999999999,0.152,0.35200000000000004,3.9,8.9,6.3,30.0,3.6,1.0,14.4,18.2,5.4,3.2,8.5,0.16699999999999998,3.5,1.4,4.9,4.3
Fred Roberts,PF,28,MIL,71,1251,10.6,0.555,0.044000000000000004,0.40399999999999997,6.2,13.2,9.7,7.2,1.4,1.1,17.6,15.1,0.7,1.3,2.0,0.077,-2.1,0.4,-1.7,0.1
Alvin Robertson,SG,26,SAS,65,2287,17.2,0.523,0.047,0.263,7.2,11.4,9.2,25.5,4.0,0.9,17.7,22.2,1.3,3.1,4.4,0.09300000000000001,1.7,2.1,3.8,3.3
Cliff Robinson,SF,28,PHI,14,416,14.1,0.514,0.005,0.235,5.1,15.2,10.1,11.5,2.0,0.3,14.1,24.0,0.0,0.3,0.3,0.033,-1.3,-1.0,-2.3,0.0
Dennis Rodman*,SF,27,DET,82,2208,16.3,0.613,0.049,0.292,17.6,21.7,19.8,6.3,1.3,2.1,17.4,14.1,4.1,3.9,8.1,0.175,2.1,2.6,4.7,3.8
Tree Rollins,C,33,CLE,60,583,8.8,0.465,0.006999999999999999,0.138,7.8,18.6,13.4,4.2,0.9,3.8,13.1,12.3,-0.1,1.0,1.0,0.08,-4.7,1.8,-3.0,-0.1
Rob Rose,SG,24,LAC,2,3,5.0,0.0,0.0,0.0,35.7,35.5,35.6,0.0,0.0,0.0,0.0,13.1,0.0,0.0,0.0,-0.121,-11.4,-9.3,-20.8,0.0
Scott Roth,SF,25,TOT,63,536,7.7,0.441,0.096,0.521,3.9,9.3,6.6,13.5,2.1,0.6,16.3,18.0,-0.4,0.5,0.1,0.005,-4.7,-1.1,-5.7,-0.5
Jim Rowinski,PF-C,28,TOT,9,15,17.9,0.527,0.0,1.5,7.4,29.4,18.7,0.0,0.0,0.0,0.0,18.7,0.0,0.0,0.1,0.205,-4.6,-7.4,-12.0,0.0
Brian Rowsom,PF,23,CHH,34,517,15.7,0.5720000000000001,0.006,0.5,11.4,18.3,14.7,6.5,0.9,1.4,8.3,17.1,1.2,0.3,1.5,0.135,0.1,-0.9,-0.8,0.2
John Salley,PF,24,DET,67,1458,12.4,0.5579999999999999,0.006,0.586,10.9,14.9,13.0,6.9,1.4,3.0,19.3,15.2,1.1,2.3,3.5,0.115,-0.9,2.9,2.0,1.5
Ralph Sampson*,C,28,GSW,61,1086,11.4,0.483,0.022000000000000002,0.26,9.7,18.5,14.1,9.0,1.3,3.3,18.1,17.3,-0.3,1.4,1.1,0.048,-3.4,1.1,-2.4,-0.1
Mike Sanders,SF,28,CLE,82,2102,10.5,0.48200000000000004,0.013999999999999999,0.184,5.6,10.6,8.2,8.8,2.1,0.9,11.6,18.1,0.0,3.1,3.1,0.071,-2.5,1.0,-1.5,0.3
Danny Schayes,C,29,DEN,76,1918,15.4,0.618,0.015,0.662,7.2,20.3,13.4,6.9,1.0,2.4,17.0,18.8,3.2,2.4,5.6,0.141,-0.9,0.2,-0.6,0.7
Russ Schoene,PF,28,SEA,69,774,12.1,0.479,0.315,0.163,8.1,16.0,11.9,6.4,2.3,1.9,11.4,21.7,0.4,0.9,1.3,0.078,-1.1,-1.1,-2.3,-0.1
Detlef Schrempf,PF,26,TOT,69,1850,15.3,0.5660000000000001,0.061,0.606,7.8,15.5,11.8,14.0,1.4,0.6,15.4,19.9,2.9,1.5,4.4,0.113,0.6,-0.1,0.6,1.2
Byron Scott,SG,27,LAL,74,2605,16.6,0.5579999999999999,0.161,0.18899999999999997,3.3,9.2,6.5,13.1,2.1,0.6,10.8,23.1,4.1,2.6,6.8,0.125,1.8,-0.5,1.3,2.2
Rony Seikaly,C,23,MIA,78,1962,10.8,0.47100000000000003,0.005,0.47600000000000003,11.2,20.5,15.7,4.4,1.1,3.0,18.2,22.8,-2.7,2.2,-0.5,-0.012,-5.2,-0.6,-5.7,-1.8
Brad Sellers,PF,26,CHI,80,1732,10.6,0.529,0.013000000000000001,0.212,5.9,9.2,7.6,7.7,1.0,2.4,12.2,14.7,1.3,1.4,2.6,0.073,-2.3,0.2,-2.1,0.0
Charles Shackleford,C,22,NJN,60,484,13.9,0.501,0.006,0.25,11.1,24.4,17.6,6.5,1.5,2.2,12.6,18.1,0.2,0.6,0.8,0.076,-3.0,0.1,-3.0,-0.1
John Shasky,C,24,MIA,65,944,12.7,0.555,0.008,0.6729999999999999,11.0,16.8,13.8,3.4,0.7,0.8,12.5,15.8,1.2,0.7,1.9,0.09699999999999999,-2.4,-2.1,-4.5,-0.6
Brian Shaw,SG,22,BOS,82,2301,12.2,0.47200000000000003,0.019,0.192,6.0,12.7,9.4,27.0,1.7,0.7,20.2,16.8,0.5,1.7,2.2,0.046,-0.8,0.4,-0.4,0.9
Purvis Short,SF,31,HOU,65,1157,11.4,0.46399999999999997,0.069,0.185,6.1,10.6,8.4,13.4,1.8,0.7,11.9,20.5,0.0,1.4,1.4,0.057999999999999996,-2.1,-0.3,-2.5,-0.1
Jerry Sichting,PG,32,POR,25,390,8.8,0.474,0.115,0.077,2.4,5.8,4.0,18.6,1.8,0.0,18.9,13.1,0.0,0.2,0.2,0.03,-3.3,-1.7,-5.0,-0.3
Jack Sikma*,C,33,MIL,80,2587,15.8,0.5539999999999999,0.259,0.35200000000000004,6.2,21.9,13.9,15.5,1.6,1.5,13.1,17.8,4.5,3.7,8.1,0.151,1.7,2.0,3.6,3.7
Scott Skiles,PG,24,IND,80,1571,12.5,0.54,0.17,0.326,1.6,8.5,5.3,34.2,2.0,0.1,25.9,18.2,0.5,0.8,1.3,0.04,-1.5,-2.2,-3.7,-0.7
Keith Smart,PG,24,SAS,2,12,0.0,0.34700000000000003,0.5,1.0,0.0,9.6,4.6,19.0,0.0,0.0,41.0,15.8,0.0,0.0,0.0,-0.175,-10.7,-3.8,-14.5,0.0
Charles Smith,PF,23,LAC,71,2161,15.6,0.55,0.003,0.44799999999999995,8.6,14.4,11.5,6.9,1.4,2.3,12.2,21.8,2.4,1.6,4.0,0.08900000000000001,-0.5,-0.7,-1.2,0.4
Derek Smith,SG,27,TOT,65,1295,11.7,0.491,0.063,0.379,5.1,9.1,7.1,14.1,1.6,1.0,13.2,21.2,0.2,0.7,0.9,0.033,-1.6,-1.2,-2.8,-0.3
Kenny Smith,PG,23,SAC,81,3145,14.3,0.523,0.10800000000000001,0.302,1.6,6.1,3.9,29.2,1.5,0.1,15.7,20.7,2.8,1.3,4.1,0.062,0.3,-2.0,-1.7,0.2
Larry Smith,PF,31,GSW,80,1897,11.9,0.54,0.0,0.146,14.4,19.9,17.2,7.6,1.4,1.6,20.7,10.6,1.4,2.3,3.7,0.094,-1.0,1.6,0.6,1.2
Otis Smith,SG,25,GSW,80,1597,14.8,0.495,0.052000000000000005,0.305,8.1,12.6,10.3,11.8,2.5,1.4,13.7,22.3,0.7,1.8,2.5,0.07400000000000001,-1.3,-0.1,-1.4,0.2
Rik Smits,C,22,IND,82,2041,15.6,0.557,0.001,0.342,10.7,16.2,13.6,5.2,0.9,4.3,13.2,20.3,2.4,1.9,4.3,0.10099999999999999,-0.8,0.4,-0.4,0.8
Mike Smrek,PF,26,SAS,43,623,9.0,0.518,0.0,0.49700000000000005,7.1,16.1,11.4,2.5,1.0,5.6,20.5,14.6,-0.3,0.7,0.4,0.031,-5.7,1.1,-4.6,-0.4
Rory Sparrow,PG,30,MIA,80,2613,11.7,0.486,0.075,0.109,2.3,7.2,4.6,25.6,1.9,0.4,16.5,19.2,0.0,1.6,1.6,0.028999999999999998,-1.6,-1.3,-2.9,-0.6
John Starks,SG,23,GSW,36,316,10.3,0.494,0.20800000000000002,0.41600000000000004,4.8,8.2,6.5,11.0,3.3,0.5,20.9,22.4,-0.4,0.3,0.0,-0.002,-3.5,-1.0,-4.5,-0.2
Everette Stephens,PG,22,IND,35,209,6.4,0.39799999999999996,0.139,0.306,6.2,6.0,6.1,23.8,2.1,1.1,26.2,22.2,-0.6,0.1,-0.4,-0.10300000000000001,-5.8,-1.5,-7.3,-0.3
Brook Steppe,PG,29,POR,27,244,12.0,0.546,0.115,0.474,5.6,8.7,7.1,8.2,2.1,0.2,12.1,16.9,0.4,0.2,0.6,0.113,-1.2,-1.5,-2.7,0.0
John Stockton*,PG,26,UTA,82,3171,22.9,0.624,0.07200000000000001,0.49,3.1,5.4,4.3,54.3,4.1,0.3,21.5,19.1,9.8,5.8,15.6,0.23600000000000002,5.0,-0.2,4.8,5.5
Rod Strickland,PG,22,NYK,81,1358,18.0,0.539,0.10400000000000001,0.40700000000000003,4.1,9.1,6.5,31.8,3.3,0.1,18.1,23.3,2.2,1.5,3.7,0.131,1.2,-0.7,0.5,0.9
John Stroeder,PF,30,TOT,5,22,13.2,0.4,0.0,0.0,22.8,40.7,31.8,16.3,0.0,5.0,37.5,13.8,0.0,0.0,0.0,0.037000000000000005,-5.4,3.4,-2.0,0.0
Barry Sumpter,PF,23,LAC,1,1,-30.2,0.0,0.0,0.0,0.0,0.0,0.0,0.0,0.0,0.0,0.0,39.4,0.0,0.0,0.0,-0.894,-31.1,-12.4,-43.5,0.0
Jon Sundvold,SG,27,MIA,68,1338,12.6,0.506,0.136,0.084,1.5,6.0,3.7,17.6,1.0,0.0,11.1,23.9,0.6,0.4,1.0,0.037000000000000005,-1.2,-3.9,-5.1,-1.1
Roy Tarpley,PF,24,DAL,19,591,22.2,0.5770000000000001,0.004,0.397,14.5,26.0,20.3,4.8,2.4,3.0,13.7,24.1,1.0,1.1,2.0,0.166,0.4,0.5,0.9,0.4
Anthony Taylor,PG,23,MIA,21,368,11.1,0.436,0.013000000000000001,0.212,3.2,7.3,5.2,18.0,2.9,0.8,10.8,20.4,-0.1,0.3,0.2,0.028999999999999998,-3.1,-0.7,-3.8,-0.2
Terry Teagle,SF,28,GSW,66,1569,16.7,0.523,0.013999999999999999,0.262,7.0,9.7,8.4,9.0,2.3,0.6,10.8,25.9,1.7,1.4,3.1,0.095,-0.3,-1.9,-2.2,-0.1
Reggie Theus,SG,31,ATL,82,2517,16.1,0.534,0.054000000000000006,0.314,3.7,6.9,5.2,23.2,2.1,0.4,13.8,22.8,3.9,2.0,5.9,0.113,1.7,-0.9,0.8,1.8
Isiah Thomas*,PG,27,DET,80,2924,17.1,0.528,0.099,0.28600000000000003,2.0,8.3,5.3,34.3,2.3,0.4,17.7,24.6,3.1,3.9,7.0,0.115,1.7,0.5,2.2,3.1
Bernard Thompson,PF,26,HOU,23,222,5.5,0.44,0.034,0.441,4.4,9.2,6.8,7.6,2.8,0.3,21.2,16.2,-0.3,0.3,0.0,0.0,-5.5,0.6,-4.9,-0.2
Billy Thompson,SF,25,MIA,79,2273,13.4,0.524,0.006,0.313,11.5,17.0,14.1,11.8,1.2,2.8,18.8,17.9,0.6,2.3,2.8,0.06,-1.3,1.6,0.3,1.3
LaSalle Thompson,C,27,TOT,76,2329,15.6,0.544,0.001,0.331,10.7,22.7,16.8,5.2,1.6,2.3,15.5,20.4,1.5,2.9,4.4,0.09,-1.7,0.5,-1.2,0.4
Mychal Thompson,C,34,LAL,80,1994,13.3,0.593,0.002,0.441,9.4,16.2,13.1,3.2,1.4,1.7,13.5,14.9,2.8,2.4,5.2,0.126,-0.5,0.1,-0.3,0.8
Bob Thornton,PF,26,PHI,54,449,6.4,0.462,0.027000000000000003,0.541,8.9,14.1,11.5,4.3,0.9,0.9,14.3,14.8,-0.1,0.2,0.1,0.01,-3.6,-1.7,-5.3,-0.4
Otis Thorpe,PF,26,HOU,82,3135,15.4,0.591,0.002,0.46799999999999997,9.5,17.6,13.6,9.3,1.2,0.7,16.3,17.7,4.6,4.1,8.7,0.133,1.0,1.2,2.2,3.3
Sedale Threatt,PG,27,SEA,63,1220,16.3,0.5329999999999999,0.063,0.162,2.8,8.1,5.4,27.5,3.3,0.2,13.1,19.2,2.3,1.2,3.4,0.135,1.4,-0.8,0.6,0.8
Wayman Tisdale,PF,24,TOT,79,2434,17.5,0.568,0.004,0.396,8.6,18.6,13.7,8.3,1.1,1.2,12.4,23.7,3.9,2.0,5.9,0.11699999999999999,0.3,-0.9,-0.6,0.8
Ray Tolbert,PF,30,ATL,50,341,8.3,0.467,0.0,0.39399999999999996,9.7,18.5,14.1,6.3,1.9,2.3,24.1,17.3,-0.4,0.5,0.0,0.005,-4.9,0.9,-4.0,-0.2
Tom Tolbert,SF,23,CHH,14,117,10.0,0.473,0.081,0.324,6.3,14.0,9.9,8.3,0.8,2.0,4.5,15.5,0.1,0.1,0.1,0.051,-2.6,-0.8,-3.4,0.0
Sedric Toney,PG,26,IND,2,9,-14.9,0.184,0.6,0.2,13.1,11.7,12.3,0.0,0.0,0.0,26.9,34.6,-0.1,0.0,-0.1,-0.586,-18.6,-10.2,-28.8,-0.1
Kelly Tripucka,SF,29,CHH,71,2302,17.7,0.5579999999999999,0.069,0.418,3.6,9.5,6.4,15.7,1.8,0.4,14.1,29.8,2.4,0.9,3.3,0.069,1.7,-1.7,0.1,1.2
Trent Tucker,SG,29,NYK,81,1824,12.1,0.569,0.511,0.095,3.3,7.6,5.4,9.2,2.2,0.2,8.9,14.1,3.2,1.5,4.6,0.122,1.7,-0.6,1.1,1.4
Andre Turner,PG,24,MIL,4,13,3.6,0.5,0.0,0.0,0.0,27.1,13.3,0.0,7.5,0.0,40.0,31.9,-0.1,0.0,-0.1,-0.257,-16.2,0.0,-16.2,0.0
Elston Turner,SF,29,DEN,78,1746,7.8,0.446,0.02,0.159,6.1,11.1,8.5,9.5,2.3,0.3,13.7,9.6,0.2,1.9,2.1,0.055999999999999994,-2.6,1.6,-1.0,0.4
Terry Tyler,SF,32,DAL,70,1057,12.3,0.498,0.025,0.172,7.8,13.9,10.9,5.7,1.1,2.2,11.6,17.9,0.2,1.0,1.2,0.055,-2.9,-0.5,-3.4,-0.4
Kelvin Upshaw,SG,26,TOT,32,617,10.3,0.49,0.071,0.12300000000000001,1.8,7.2,4.5,26.5,2.1,0.3,19.8,18.6,-0.1,0.4,0.3,0.021,-2.3,-2.0,-4.4,-0.4
Darnell Valentine,SG,29,CLE,77,1086,11.5,0.49700000000000005,0.044000000000000004,0.35100000000000003,2.4,8.0,5.3,21.3,2.6,0.4,18.4,17.7,0.1,1.5,1.7,0.07400000000000001,-2.9,0.0,-2.8,-0.2
Kiki Vandeweghe,PF,30,TOT,45,934,13.7,0.536,0.113,0.209,3.0,5.4,4.2,10.3,0.9,0.7,8.1,20.9,1.6,0.4,2.0,0.105,-0.4,-3.0,-3.4,-0.3
Jay Vincent,SF,29,TOT,29,646,7.0,0.439,0.012,0.233,6.2,12.7,9.3,5.7,0.4,0.4,12.9,19.5,-0.6,0.3,-0.3,-0.024,-5.3,-2.7,-8.1,-1.0
Sam Vincent,PG,25,CHI,70,1703,13.6,0.527,0.03,0.228,2.4,10.3,6.4,27.7,1.5,0.4,18.6,19.3,1.0,1.3,2.3,0.065,-1.6,-1.4,-3.0,-0.4
Darrell Walker,PG,27,WSB,79,2565,13.4,0.469,0.013000000000000001,0.27,5.5,16.5,10.8,25.0,2.9,0.5,19.5,14.8,0.5,3.3,3.7,0.07,-0.9,2.7,1.9,2.5
Kenny Walker,SF,24,NYK,79,1163,11.8,0.5329999999999999,0.055999999999999994,0.239,9.4,12.6,11.0,3.9,1.6,2.2,10.1,14.6,1.5,1.2,2.7,0.11199999999999999,-1.3,0.0,-1.3,0.2
Pearl Washington,PG,25,MIA,54,1065,13.0,0.475,0.036000000000000004,0.26899999999999996,5.0,8.1,6.5,32.3,3.3,0.2,22.0,21.2,-0.6,1.0,0.5,0.021,-1.9,-0.4,-2.4,-0.1
Spud Webb,PG,25,ATL,81,1219,13.0,0.504,0.076,0.207,1.8,9.3,5.5,31.0,2.8,0.3,20.8,13.3,0.9,1.3,2.2,0.08800000000000001,-1.2,-0.6,-1.7,0.1
Chris Welp,C,25,PHI,72,843,8.7,0.484,0.005,0.32899999999999996,7.8,17.9,12.8,4.5,1.3,2.8,14.2,14.6,0.0,0.7,0.7,0.042,-3.5,0.2,-3.3,-0.3
Bill Wennington,C,25,DAL,65,1074,8.8,0.48200000000000004,0.033,0.298,8.5,20.7,14.7,6.0,0.7,1.9,14.8,14.7,0.0,1.2,1.3,0.055999999999999994,-3.8,0.1,-3.7,-0.5
Mark West,C,28,PHO,82,2019,12.9,0.644,0.0,0.5429999999999999,9.2,19.4,14.5,2.3,0.8,5.1,18.3,11.1,2.2,3.3,5.5,0.131,-1.0,3.0,2.1,2.1
Ennis Whatley,PG,26,LAC,8,90,12.1,0.449,0.0,0.33299999999999996,2.4,16.6,9.5,32.4,3.6,0.6,22.5,21.4,-0.1,0.1,0.0,0.005,-4.2,0.3,-3.9,0.0
Clinton Wheeler,PG,29,TOT,28,354,12.8,0.5479999999999999,0.011000000000000001,0.23,5.1,4.5,4.8,20.4,3.6,0.0,20.0,13.4,0.3,0.3,0.6,0.087,-1.3,-0.2,-1.5,0.0
Eric White,SF,23,TOT,38,436,10.3,0.57,0.0,0.35,8.4,8.8,8.6,5.2,1.1,0.1,15.8,14.9,0.3,0.1,0.5,0.05,-2.4,-2.4,-4.7,-0.3
Jerome Whitehead,C,32,TOT,57,622,6.9,0.43200000000000005,0.0,0.258,8.3,15.6,11.8,4.0,1.7,0.4,10.6,14.2,-0.2,0.6,0.4,0.032,-4.9,-1.3,-6.2,-0.7
Morlon Wiley,PG,22,DAL,51,408,10.3,0.45899999999999996,0.21100000000000002,0.14,3.6,9.1,6.4,26.3,3.1,0.9,21.9,16.4,-0.2,0.5,0.2,0.027999999999999997,-2.8,0.0,-2.8,-0.1
Dominique Wilkins*,SF,29,ATL,80,2997,21.8,0.528,0.06,0.298,9.2,11.0,10.0,11.9,1.9,1.0,8.4,29.4,7.5,2.9,10.4,0.166,3.6,-0.9,2.6,3.5
Eddie Lee Wilkins,C,26,NYK,71,584,10.2,0.49200000000000005,0.004,0.45299999999999996,13.4,14.8,14.1,1.6,0.8,1.6,16.0,23.2,-0.2,0.5,0.3,0.023,-4.8,-3.9,-8.7,-1.0
Gerald Wilkins,SG,25,NYK,81,2414,13.8,0.512,0.168,0.24,4.3,7.0,5.6,15.3,2.2,0.5,13.0,20.9,2.4,1.9,4.3,0.086,0.1,-0.7,-0.5,0.9
Buck Williams,PF,28,NJN,74,2446,14.6,0.569,0.004,0.456,11.0,21.0,15.8,4.6,1.2,0.9,14.4,16.5,3.0,2.1,5.2,0.10099999999999999,-0.5,0.2,-0.4,1.0
Herb Williams,C,30,TOT,76,2470,10.6,0.47100000000000003,0.006999999999999999,0.263,6.3,19.7,13.3,7.1,0.9,3.2,15.3,16.6,-1.2,2.6,1.4,0.027000000000000003,-3.7,1.7,-2.0,0.0
Hot Rod Williams,PF,26,CLE,82,2125,17.6,0.5660000000000001,0.006,0.449,9.7,15.3,12.7,7.2,1.8,3.6,10.8,18.8,3.8,3.8,7.7,0.17300000000000001,0.2,2.2,2.4,2.4
John Williams,SF,22,WSB,82,2413,18.8,0.525,0.076,0.309,6.9,19.6,13.0,20.9,2.8,1.7,12.8,20.4,3.3,3.5,6.9,0.136,1.8,2.8,4.6,4.0
Kevin Williams,SG,27,TOT,50,547,9.0,0.462,0.03,0.295,5.5,8.7,7.0,13.6,2.6,1.2,18.7,20.7,-0.6,0.5,-0.1,-0.009000000000000001,-4.2,-0.2,-4.4,-0.3
Micheal Williams,PG,22,DET,49,358,7.7,0.424,0.07,0.364,3.0,5.4,4.3,27.0,1.8,0.5,21.9,22.9,-0.6,0.4,-0.2,-0.028999999999999998,-4.9,-1.5,-6.4,-0.4
Reggie Williams,SF,24,LAC,63,1303,12.1,0.496,0.175,0.205,5.8,8.9,7.3,11.5,2.9,1.2,15.0,23.0,-0.6,1.0,0.4,0.013999999999999999,-1.6,-0.8,-2.4,-0.1
David Wingate,SG,25,PHI,33,372,11.5,0.527,0.052000000000000005,0.29600000000000004,3.6,7.6,5.6,26.5,1.2,0.3,21.2,18.4,0.2,0.1,0.2,0.032,-1.6,-2.8,-4.4,-0.2
Randy Wittman,SF,29,TOT,64,1120,8.7,0.479,0.021,0.14300000000000002,2.7,5.1,3.9,13.5,1.0,0.1,9.5,12.4,0.6,0.2,0.7,0.031,-2.7,-1.7,-4.4,-0.7
Joe Wolf,C,24,LAC,66,1450,7.0,0.449,0.035,0.159,6.1,13.8,10.0,10.1,1.0,0.6,17.9,14.3,-1.1,0.7,-0.5,-0.016,-4.4,-0.5,-4.9,-1.1
David Wood,PF,24,CHI,2,2,0.0,0.0,0.0,0.0,0.0,0.0,0.0,0.0,0.0,0.0,0.0,0.0,0.0,0.0,0.0,-0.002,-6.5,-0.1,-6.6,0.0
Mike Woodson,SG,30,HOU,81,2259,12.0,0.503,0.095,0.253,2.5,6.8,4.6,13.5,1.9,0.5,11.6,20.9,1.1,2.3,3.5,0.07400000000000001,-1.2,-0.8,-2.0,0.0
Orlando Woolridge,SF,29,LAL,74,1491,14.0,0.5539999999999999,0.002,0.6940000000000001,6.5,13.2,10.1,5.2,1.0,2.5,13.8,20.7,1.7,1.6,3.3,0.105,-2.0,-0.8,-2.8,-0.3
James Worthy*,SF,27,LAL,81,2960,19.0,0.5820000000000001,0.018000000000000002,0.25,6.8,11.3,9.2,14.6,1.7,1.1,11.3,22.4,6.6,3.1,9.7,0.158,2.8,0.3,3.1,3.8
Danny Young,PG,26,POR,48,952,11.8,0.534,0.2,0.256,1.9,6.7,4.2,15.9,2.7,0.2,13.9,13.1,1.0,0.8,1.8,0.091,-1.0,-0.4,-1.5,0.1
