Player,Pos,Age,Tm,G,GS,MP,FG,FGA,FG%,3P,3PA,3P%,2P,2PA,2P%,FT,FTA,FT%,ORB,DRB,TRB,AST,STL,BLK,TOV,PF,PTS
Alaa Abdelnaby,PF,24,TOT,75,52,1311,6.7,13.0,0.518,0.0,0.0,0.0,6.7,13.0,0.519,2.4,3.2,0.759,3.5,5.8,9.3,0.7,0.7,0.7,2.7,5.2,15.9
Mahmoud Abdul-Rauf,PG,23,DEN,81,81,2710,8.4,18.7,0.45,0.9,2.6,0.355,7.5,16.1,0.465,2.9,3.1,0.935,0.7,2.3,3.0,4.6,1.1,0.1,2.5,2.4,20.6
Mark Acres,C,30,TOT,18,7,269,3.5,6.6,0.531,0.1,0.3,0.5,3.3,6.3,0.532,1.5,2.1,0.688,3.5,5.5,9.0,0.7,0.4,0.8,1.7,4.6,8.6
Michael Adams,PG,30,WSB,70,70,2499,5.3,12.0,0.439,1.0,3.1,0.321,4.3,8.9,0.48,3.4,4.0,0.856,0.7,2.7,3.5,7.6,1.4,0.1,2.5,2.1,14.9
Rafael Addison,SF,28,NJN,68,15,1164,5.6,12.7,0.44299999999999995,0.2,1.1,0.20600000000000002,5.4,11.7,0.46399999999999997,1.8,2.2,0.8140000000000001,1.4,2.7,4.1,1.6,0.7,0.3,2.0,3.9,13.2
Mark Aguirre,SF,33,DET,51,15,1056,6.4,14.4,0.44299999999999995,1.0,2.8,0.361,5.4,11.6,0.46299999999999997,3.4,4.4,0.767,1.5,3.7,5.2,3.6,0.5,0.2,2.3,3.4,17.1
Danny Ainge,SG,33,PHO,80,0,2163,5.6,12.1,0.462,2.5,6.2,0.40299999999999997,3.1,6.0,0.522,2.0,2.4,0.848,0.8,2.7,3.6,4.3,1.1,0.1,1.9,2.9,15.8
Victor Alexander,C,23,GSW,72,59,1753,7.1,13.7,0.516,0.2,0.5,0.455,6.9,13.2,0.518,2.3,3.3,0.685,2.7,5.9,8.6,1.9,0.7,1.1,2.5,4.5,16.6
Eric Anderson,PF,22,NYK,16,0,44,4.1,14.7,0.278,0.0,0.0,0.0,4.1,14.7,0.278,9.0,10.6,0.846,4.9,6.5,11.5,2.5,2.5,0.8,4.1,11.5,17.2
Kenny Anderson,PG,22,NJN,55,55,2010,6.6,15.2,0.435,0.1,0.4,0.28,6.5,14.8,0.44,3.2,4.2,0.7759999999999999,0.9,3.1,4.0,8.0,1.7,0.2,2.7,2.5,16.6
Nick Anderson,SG,25,ORL,79,76,2920,7.3,16.3,0.449,1.1,3.1,0.353,6.2,13.3,0.47100000000000003,3.7,5.0,0.741,1.5,4.4,5.9,3.3,1.6,0.7,2.0,2.5,19.4
Ron Anderson,SF,34,PHI,69,0,1263,6.4,15.5,0.414,1.1,3.4,0.325,5.3,12.1,0.439,2.1,2.5,0.809,1.8,3.5,5.2,2.7,0.9,0.1,1.8,2.1,16.0
Willie Anderson,SG,26,SAS,38,7,560,5.1,12.0,0.43,0.1,0.5,0.125,5.1,11.4,0.444,1.4,1.8,0.7859999999999999,0.5,3.2,3.7,5.1,0.9,0.4,2.8,3.3,11.8
Greg Anthony,PG,25,NYK,70,35,1699,3.7,8.9,0.415,0.1,0.6,0.133,3.6,8.2,0.43700000000000006,2.3,3.4,0.6729999999999999,0.9,2.7,3.6,8.4,2.4,0.3,2.2,3.0,9.7
B.J. Armstrong,PG,25,CHI,82,74,2492,5.9,11.8,0.499,0.9,2.0,0.45299999999999996,5.0,9.8,0.508,1.9,2.2,0.861,0.4,1.8,2.2,4.8,1.0,0.1,1.2,2.4,14.6
Vincent Askew,SG,26,TOT,73,4,1129,4.8,9.9,0.49200000000000005,0.1,0.2,0.33299999999999996,4.8,9.7,0.495,3.3,4.8,0.705,2.0,3.2,5.1,3.9,1.3,0.6,2.2,4.3,13.1
Keith Askins,SF,25,MIA,69,1,935,3.4,8.2,0.413,0.8,2.5,0.33799999999999997,2.5,5.7,0.446,1.1,1.5,0.725,2.8,4.8,7.6,1.2,1.2,1.1,1.4,5.4,8.7
Stacey Augmon,SG,24,ATL,73,66,2112,6.8,13.5,0.501,0.0,0.1,0.0,6.8,13.4,0.504,3.9,5.2,0.7390000000000001,2.4,2.5,4.9,2.9,1.6,0.3,2.7,2.4,17.4
Isaac Austin,C,23,UTA,46,3,306,5.9,13.2,0.446,0.0,0.1,0.0,5.9,13.1,0.45,3.4,5.2,0.659,4.5,4.8,9.3,0.7,0.9,1.6,2.7,7.1,15.2
Anthony Avent,PF,23,MIL,82,78,2285,5.5,12.6,0.433,0.0,0.0,0.0,5.5,12.6,0.434,1.8,2.7,0.6509999999999999,2.8,5.2,8.1,1.4,0.9,1.2,2.2,3.7,12.7
John Bagley,PG,32,BOS,10,0,97,3.3,9.3,0.36,0.0,0.4,0.0,3.3,8.9,0.375,1.9,2.2,0.833,0.4,2.2,2.6,7.4,0.7,0.0,6.3,4.1,8.5
Thurl Bailey,PF,31,MIN,70,3,1276,5.7,12.6,0.455,0.0,0.0,0.0,5.7,12.6,0.455,3.4,4.0,0.838,1.5,4.6,6.1,1.7,0.6,1.3,1.7,2.5,14.8
Steve Bardo,SG,24,DAL,23,0,175,3.9,12.8,0.306,0.2,1.2,0.16699999999999998,3.7,11.5,0.321,2.5,3.5,0.706,2.1,5.6,7.6,6.0,1.6,0.6,3.5,5.8,10.5
Charles Barkley*,PF,29,PHO,76,76,2859,9.0,17.3,0.52,0.8,2.8,0.305,8.2,14.6,0.561,5.6,7.3,0.765,3.0,8.7,11.7,4.8,1.5,0.9,2.9,2.5,24.5
Dana Barros,PG,25,SEA,69,2,1243,6.2,13.7,0.451,1.9,4.9,0.379,4.3,8.8,0.49200000000000005,1.4,1.7,0.831,0.5,2.6,3.1,4.4,1.8,0.1,1.7,2.3,15.7
Jon Barry,SG,23,MIL,47,0,552,5.0,13.4,0.369,1.4,4.1,0.33299999999999996,3.6,9.3,0.385,2.2,3.2,0.6729999999999999,0.7,2.2,2.8,4.4,2.3,0.2,2.7,3.7,13.4
John Battle,SG,30,CLE,41,0,497,6.0,14.5,0.415,0.1,0.4,0.16699999999999998,5.9,14.1,0.423,4.1,5.2,0.778,0.3,1.8,2.1,3.9,0.7,0.4,1.6,2.8,16.2
Kenny Battle,SG,28,BOS,3,1,29,7.4,16.1,0.462,0.0,1.2,0.0,7.4,14.9,0.5,2.5,2.5,1.0,8.7,5.0,13.7,2.5,1.2,0.0,2.5,2.5,17.4
William Bedford,C,29,SAS,16,0,66,4.9,14.7,0.33299999999999996,0.5,0.5,1.0,4.4,14.2,0.308,3.3,6.5,0.5,0.5,4.9,5.5,0.0,0.0,0.5,0.5,8.2,13.6
Benoit Benjamin,C,28,TOT,59,6,754,6.4,12.9,0.491,0.0,0.0,0.0,6.4,12.9,0.491,3.3,5.0,0.6629999999999999,2.4,7.5,10.0,1.1,1.5,2.3,3.7,6.4,16.0
Tony Bennett,PG,23,CHH,75,2,857,4.6,10.9,0.423,1.1,3.4,0.325,3.5,7.6,0.467,1.3,1.7,0.732,0.5,2.1,2.6,5.7,1.3,0.0,2.1,4.6,11.6
David Benoit,SF,24,UTA,82,27,1712,5.4,12.4,0.436,0.7,2.1,0.34700000000000003,4.7,10.4,0.45299999999999996,2.4,3.2,0.75,2.4,5.8,8.2,0.9,0.9,0.9,1.9,4.2,14.0
Rolando Blackman,SG,33,NYK,60,33,1434,6.0,13.5,0.44299999999999995,0.8,1.8,0.425,5.2,11.7,0.446,1.8,2.3,0.789,0.6,2.0,2.6,3.9,0.6,0.3,1.6,3.2,14.6
Alex Blackwell,SF,22,LAL,27,0,109,4.6,13.9,0.33299999999999996,0.0,1.0,0.0,4.6,12.9,0.359,2.0,2.6,0.75,3.3,4.3,7.6,2.3,1.3,0.7,1.7,4.6,11.2
Lance Blanks,SG,26,MIN,61,2,642,3.6,8.4,0.433,0.6,2.4,0.256,3.0,6.0,0.505,1.1,1.8,0.625,1.0,2.8,3.8,4.0,0.9,0.3,1.7,3.4,9.0
Ricky Blanton,SF,26,CHI,2,0,13,8.3,19.4,0.429,0.0,0.0,0.0,8.3,19.4,0.429,0.0,0.0,0.0,5.5,2.8,8.3,2.8,5.5,0.0,2.8,2.8,16.6
Mookie Blaylock,PG,25,ATL,80,78,2820,5.3,12.3,0.429,1.5,4.0,0.375,3.8,8.3,0.456,1.6,2.2,0.728,1.1,2.4,3.6,8.6,2.6,0.3,2.4,2.0,13.6
Muggsy Bogues,PG,28,CHH,81,80,2833,4.2,9.3,0.45299999999999996,0.1,0.3,0.231,4.1,8.9,0.462,1.8,2.1,0.833,0.6,3.1,3.8,9.0,2.0,0.1,2.0,2.3,10.3
Manute Bol,C,30,PHI,58,23,855,2.2,5.3,0.409,0.4,1.3,0.313,1.8,4.0,0.442,0.5,0.8,0.632,1.9,6.3,8.1,0.8,0.6,5.0,2.1,3.7,5.3
Walter Bond,SG,23,DAL,74,38,1578,5.2,12.9,0.402,0.2,1.0,0.16699999999999998,5.0,11.9,0.42100000000000004,2.9,3.8,0.772,1.2,3.3,4.5,2.8,1.7,0.4,2.6,5.1,13.5
Anthony Bonner,PF,24,SAC,70,35,1764,4.7,10.1,0.461,0.0,0.1,0.0,4.7,10.0,0.467,2.9,4.9,0.593,3.8,5.4,9.3,2.0,1.8,0.3,2.1,3.7,12.3
Anthony Bowie,SG,29,ORL,77,45,1761,5.5,11.6,0.47100000000000003,0.3,1.0,0.313,5.2,10.7,0.486,1.4,1.7,0.7979999999999999,0.7,3.2,4.0,3.6,1.1,0.3,1.7,2.7,12.6
Sam Bowie,C,31,NJN,79,65,2092,4.9,11.0,0.45,0.0,0.1,0.33299999999999996,4.9,10.9,0.451,2.4,3.1,0.779,2.7,6.8,9.6,2.2,0.6,2.2,2.1,3.9,12.3
Terrell Brandon,PG,22,CLE,82,8,1622,6.6,13.8,0.478,0.3,0.9,0.31,6.3,12.9,0.491,2.6,3.2,0.825,0.8,3.2,4.0,6.7,1.8,0.6,2.4,2.7,16.1
Randy Breuer,C,32,ATL,12,0,107,5.0,10.4,0.484,0.0,0.0,0.0,5.0,10.4,0.484,0.7,1.7,0.4,3.4,6.1,9.4,2.0,0.7,1.0,1.7,4.0,10.8
Frank Brickowski,C,33,MIL,66,64,2075,7.9,14.5,0.545,0.1,0.5,0.308,7.8,14.1,0.5529999999999999,3.4,4.6,0.728,2.1,4.9,7.0,3.4,1.4,0.8,3.5,4.1,19.3
Kevin Brooks,SF,23,DEN,55,2,571,5.9,14.7,0.39899999999999997,0.4,1.6,0.231,5.5,13.1,0.42,2.2,2.5,0.875,1.4,3.7,5.1,2.1,0.6,0.1,2.5,2.9,14.3
Scott Brooks,PG,27,HOU,82,0,1516,4.3,9.1,0.475,1.0,2.4,0.414,3.4,6.8,0.49700000000000005,2.7,3.2,0.83,0.5,1.8,2.4,5.8,1.9,0.1,1.7,3.2,12.3
Chucky Brown,SF,24,NJN,77,20,1186,4.9,10.0,0.483,0.0,0.2,0.0,4.9,9.9,0.491,2.2,3.0,0.7240000000000001,2.7,4.4,7.0,1.5,0.6,0.7,1.7,3.4,11.9
Dee Brown,PG,24,BOS,80,48,2254,5.2,11.2,0.46799999999999997,0.4,1.3,0.317,4.8,9.9,0.488,3.1,3.9,0.7929999999999999,0.7,3.2,3.9,7.4,2.2,0.5,2.2,3.2,14.0
Mike Brown,C,29,UTA,82,21,1551,4.1,9.5,0.43,0.0,0.0,0.0,4.1,9.5,0.431,2.6,3.8,0.6890000000000001,3.4,5.7,9.1,1.5,0.7,0.5,2.2,4.4,10.8
Randy Brown,PG,24,SAC,75,34,1726,4.7,10.1,0.46299999999999997,0.0,0.1,0.33299999999999996,4.7,10.0,0.465,2.4,3.3,0.732,1.6,2.9,4.4,4.1,2.3,0.7,2.5,4.3,11.8
Mark Bryant,C,27,POR,80,24,1396,4.8,9.5,0.503,0.0,0.0,0.0,4.8,9.5,0.504,2.7,3.8,0.703,3.4,5.0,8.4,1.1,1.0,0.6,1.7,5.8,12.3
Jud Buechler,SF,24,GSW,70,9,1287,4.9,11.3,0.43700000000000006,0.6,1.7,0.33899999999999997,4.4,9.6,0.45299999999999996,1.8,2.4,0.747,2.3,3.2,5.5,2.6,1.3,0.5,1.5,2.7,12.2
Matt Bullard,PF,25,HOU,79,4,1356,5.7,13.1,0.431,2.4,6.5,0.374,3.2,6.7,0.486,1.5,2.0,0.784,1.8,4.1,5.9,2.9,0.8,0.3,1.5,3.4,15.3
Willie Burton,SF,24,MIA,26,8,451,4.3,11.3,0.38299999999999995,0.4,1.2,0.33299999999999996,3.9,10.1,0.389,7.3,10.1,0.7170000000000001,1.8,3.8,5.6,1.3,1.0,1.3,4.0,4.6,16.3
Steve Burtt,SG,30,WSB,4,0,35,10.3,26.7,0.385,1.0,3.1,0.33299999999999996,9.3,23.7,0.391,8.2,10.3,0.8,2.1,1.0,3.1,6.2,2.1,0.0,4.1,5.1,29.8
Michael Cage,C,31,SEA,82,66,2156,3.7,6.9,0.526,0.0,0.0,0.0,3.7,6.9,0.528,1.0,2.2,0.469,4.5,6.5,11.0,1.2,1.3,0.8,1.0,3.1,8.3
Dexter Cambridge,SF,23,DAL,53,13,885,6.1,12.7,0.484,0.0,0.2,0.0,6.1,12.5,0.49,2.8,4.0,0.687,3.6,3.2,6.8,2.4,1.0,0.2,2.6,5.2,15.1
Elden Campbell,PF,24,LAL,79,13,1551,5.5,12.1,0.45799999999999996,0.0,0.1,0.0,5.5,12.0,0.46,3.0,4.7,0.637,2.9,4.8,7.7,1.1,1.4,2.3,1.6,3.8,14.1
Tony Campbell,SF,30,NYK,58,13,1062,6.6,13.4,0.49,0.1,0.2,0.4,6.5,13.3,0.491,2.0,2.9,0.6779999999999999,2.0,3.3,5.3,2.1,1.2,0.2,1.7,5.1,15.2
Antoine Carr,PF,31,SAS,71,46,1947,7.0,13.0,0.5379999999999999,0.0,0.1,0.0,7.0,12.9,0.541,3.2,4.1,0.777,2.0,5.2,7.2,1.8,0.6,1.6,1.8,4.9,17.2
Bill Cartwright,C,35,CHI,63,63,1253,4.1,9.9,0.41100000000000003,0.0,0.0,0.0,4.1,9.9,0.41100000000000003,2.1,2.8,0.735,2.4,4.3,6.7,2.4,0.6,0.3,1.8,4.4,10.2
Terry Catledge,PF,29,ORL,21,1,262,4.9,10.0,0.493,0.0,0.0,0.0,4.9,10.0,0.493,3.7,4.7,0.794,2.5,3.8,6.3,0.7,0.5,0.1,3.4,4.3,13.6
Duane Causwell,C,24,SAC,55,45,1211,5.2,9.5,0.545,0.0,0.0,0.0,5.2,9.5,0.547,3.1,4.9,0.624,3.3,5.7,9.0,1.0,1.0,2.6,1.7,5.7,13.5
Cedric Ceballos,SF,23,PHO,74,46,1607,8.5,14.8,0.5760000000000001,0.0,0.0,0.0,8.5,14.8,0.5770000000000001,4.2,5.8,0.725,3.9,5.3,9.1,1.7,1.2,0.6,2.4,2.3,21.3
Tom Chambers,PF,33,PHO,73,0,1723,6.7,15.0,0.447,0.2,0.6,0.39299999999999996,6.5,14.4,0.449,5.0,6.0,0.8370000000000001,2.0,5.2,7.2,2.1,0.9,0.5,1.9,4.4,18.6
Rex Chapman,SG,25,WSB,60,23,1300,7.9,16.7,0.47700000000000004,1.2,3.2,0.371,6.8,13.5,0.502,3.7,4.5,0.81,0.5,1.9,2.4,3.2,1.1,0.3,2.2,3.3,20.7
Maurice Cheeks*,PG,36,NJN,35,0,510,3.6,6.6,0.5479999999999999,0.0,0.1,0.0,3.6,6.4,0.56,1.7,1.9,0.889,0.4,2.6,3.0,7.6,2.3,0.1,2.3,2.5,8.9
Pete Chilcutt,PF,24,SAC,59,9,834,7.1,14.7,0.485,0.0,0.0,0.0,7.1,14.7,0.485,1.4,2.0,0.696,3.5,4.9,8.4,2.8,0.9,0.9,2.3,4.4,15.6
Doug Christie,SG,22,LAL,23,0,332,4.9,11.5,0.425,0.2,1.3,0.16699999999999998,4.7,10.2,0.457,5.4,7.2,0.758,2.6,2.9,5.5,5.7,2.4,0.5,5.4,5.7,15.4
Derrick Coleman,PF,25,NJN,76,73,2759,7.4,16.0,0.46,0.3,1.3,0.23199999999999998,7.1,14.7,0.48,5.5,6.8,0.8079999999999999,3.2,7.9,11.1,3.6,1.2,1.6,3.2,2.7,20.5
Bimbo Coles,PG,24,MIA,81,37,2232,5.1,11.1,0.46399999999999997,0.7,2.2,0.307,4.5,8.9,0.503,2.9,3.5,0.805,0.9,1.7,2.7,6.0,1.3,0.2,1.7,3.2,13.8
Marty Conlon,C,25,SAC,46,0,467,6.2,13.2,0.474,0.0,0.3,0.0,6.2,12.9,0.485,4.4,6.2,0.7040000000000001,3.7,5.8,9.5,2.9,1.0,0.4,2.2,3.3,16.9
Lester Conner,PG,33,LAC,31,0,422,2.4,5.3,0.452,0.0,0.0,0.0,2.4,5.3,0.452,1.5,1.6,0.9470000000000001,1.4,2.8,4.2,5.5,2.9,0.3,1.8,3.3,6.3
Duane Cooper,PG,23,LAL,65,0,645,3.5,8.8,0.392,0.4,1.7,0.233,3.1,7.1,0.43,1.4,2.0,0.7140000000000001,0.7,2.1,2.8,8.4,1.0,0.1,3.9,3.7,8.7
Tyrone Corbin,SF,30,UTA,82,58,2555,5.4,10.8,0.503,0.0,0.1,0.0,5.4,10.7,0.506,2.5,3.1,0.826,2.7,4.6,7.3,2.4,1.5,0.5,1.5,3.6,13.4
Chris Corchiani,PG,24,TOT,10,0,105,4.8,8.2,0.583,0.0,1.0,0.0,4.8,7.2,0.667,5.5,7.2,0.762,0.3,2.1,2.4,5.5,2.1,0.0,2.7,6.2,15.1
Joe Courtney,PF,23,TOT,12,0,104,4.5,11.1,0.406,0.0,0.0,0.0,4.5,11.1,0.406,2.4,3.1,0.778,1.4,5.2,6.6,1.0,1.7,1.7,2.1,5.9,11.4
John Crotty,PG,23,UTA,40,0,243,5.5,10.7,0.514,0.3,2.1,0.14300000000000002,5.2,8.6,0.603,3.9,5.6,0.684,0.6,1.9,2.5,8.1,1.6,0.0,4.4,4.3,15.1
Terry Cummings,PF,31,SAS,8,0,76,5.2,13.7,0.379,0.0,0.0,0.0,5.2,13.7,0.379,2.4,4.7,0.5,2.8,6.2,9.0,1.9,0.5,0.5,0.9,8.1,12.8
Radisav Ćurčić,C,27,DAL,20,0,166,3.5,8.9,0.39,0.0,0.0,0.0,3.5,8.9,0.39,5.6,7.8,0.722,3.7,6.9,10.6,2.6,1.5,0.4,1.7,6.5,12.6
Dell Curry,SG,28,CHH,80,0,2094,8.6,18.9,0.452,1.6,4.1,0.401,6.9,14.9,0.466,2.3,2.7,0.866,0.9,4.0,4.9,3.1,1.5,0.4,2.2,2.6,21.1
Lloyd Daniels,SG,25,SAS,77,10,1573,6.5,14.7,0.44299999999999995,1.4,4.1,0.33299999999999996,5.2,10.7,0.484,1.6,2.3,0.727,2.0,3.0,4.9,3.4,0.9,0.7,2.3,3.3,16.0
Brad Daugherty,C,27,CLE,71,71,2691,7.0,12.2,0.5710000000000001,0.0,0.0,0.5,6.9,12.2,0.5710000000000001,5.2,6.6,0.795,2.2,7.5,9.7,4.2,0.7,0.7,2.0,2.3,19.2
Dale Davis,PF,23,IND,82,82,2264,4.8,8.5,0.568,0.0,0.0,0.0,4.8,8.5,0.568,1.9,3.6,0.529,4.6,6.9,11.5,1.1,1.0,2.4,1.3,4.4,11.6
Hubert Davis,SG,22,NYK,50,2,815,4.9,11.1,0.43799999999999994,0.3,0.8,0.316,4.6,10.2,0.44799999999999995,1.9,2.4,0.7959999999999999,0.6,1.9,2.5,3.7,1.0,0.2,2.0,3.1,11.9
Terry Davis,PF,25,DAL,75,74,2462,5.7,12.6,0.455,0.0,0.1,0.25,5.7,12.5,0.457,2.4,4.1,0.594,3.8,6.5,10.3,1.0,0.5,0.4,2.3,2.9,14.0
Johnny Dawkins,PG,29,PHI,74,10,1598,5.8,13.3,0.43700000000000006,0.6,1.9,0.31,5.2,11.4,0.45799999999999996,2.5,3.2,0.7959999999999999,0.7,2.3,3.1,7.6,1.8,0.1,2.7,2.1,14.8
Todd Day,SG,23,MIL,71,37,1931,6.7,15.4,0.43200000000000005,1.0,3.4,0.293,5.7,12.0,0.47200000000000003,4.0,5.5,0.7170000000000001,2.7,2.7,5.4,2.2,1.4,0.9,2.2,4.1,18.3
Vinny Del Negro,PG,26,SAS,73,31,1526,5.1,10.1,0.507,0.1,0.6,0.25,5.0,9.6,0.522,2.4,2.8,0.863,0.4,3.4,3.8,6.9,1.0,0.0,2.2,3.4,12.8
Bison Dele,PF,23,ORL,21,0,240,6.0,11.7,0.513,0.0,0.1,0.0,6.0,11.5,0.519,2.4,3.0,0.8,3.6,4.8,8.4,0.7,2.1,2.5,3.7,7.2,14.4
Vlade Divac*,C,24,LAL,82,69,2525,5.7,11.7,0.485,0.3,1.1,0.28,5.4,10.6,0.505,3.4,4.9,0.6890000000000001,3.1,7.3,10.4,3.3,1.8,2.0,3.1,4.4,15.0
James Donaldson,C,35,UTA,6,1,94,3.1,5.4,0.5710000000000001,0.0,0.0,0.0,3.1,5.4,0.5710000000000001,1.9,3.4,0.556,2.3,8.8,11.1,0.4,0.4,2.7,1.5,5.0,8.0
Sherman Douglas,PG,26,BOS,79,36,1932,4.9,9.9,0.498,0.1,0.5,0.207,4.8,9.3,0.515,1.6,2.8,0.56,1.2,1.8,3.0,9.5,0.9,0.2,3.0,3.1,11.5
Greg Dreiling,C,30,IND,43,0,239,2.9,8.7,0.32799999999999996,0.0,0.6,0.0,2.9,8.1,0.35200000000000004,1.2,2.3,0.5329999999999999,3.9,6.0,9.9,1.2,0.8,1.2,1.4,9.0,6.9
Clyde Drexler*,SG,30,POR,49,49,1671,7.5,17.6,0.429,0.7,2.9,0.233,6.9,14.7,0.467,5.3,6.3,0.8390000000000001,2.7,3.9,6.7,6.0,2.0,0.8,2.5,3.4,21.0
Kevin Duckworth,C,28,POR,74,55,1762,6.1,14.1,0.43799999999999994,0.0,0.0,0.0,6.1,14.0,0.439,2.6,3.6,0.73,2.4,5.5,7.9,1.4,0.9,0.8,1.8,4.5,14.9
Chris Dudley,C,27,NJN,71,16,1398,2.4,6.8,0.353,0.0,0.0,0.0,2.4,6.8,0.353,1.5,2.8,0.518,5.5,7.7,13.2,0.4,0.4,2.7,1.4,5.0,6.3
Joe Dumars*,SG,29,DET,77,77,3094,7.9,16.9,0.466,1.3,3.5,0.375,6.6,13.4,0.489,4.0,4.6,0.8640000000000001,0.7,1.0,1.7,3.6,0.9,0.1,1.6,1.6,21.0
Richard Dumas,SF,23,PHO,48,32,1320,8.2,15.7,0.524,0.0,0.1,0.33299999999999996,8.2,15.6,0.525,4.1,5.9,0.7070000000000001,2.7,3.4,6.1,1.6,2.3,1.1,2.5,3.5,20.6
Pat Durham,SF,25,GSW,5,1,78,2.8,11.5,0.24,0.0,0.0,0.0,2.8,11.5,0.24,4.2,5.5,0.75,2.3,4.2,6.5,1.8,0.5,0.5,3.2,2.8,9.7
Mark Eaton,C,36,UTA,64,57,1104,2.3,4.2,0.546,0.0,0.0,0.0,2.3,4.2,0.546,1.1,1.6,0.7,2.4,6.2,8.6,0.6,0.6,2.6,1.4,4.7,5.8
Blue Edwards,SF,27,MIL,82,81,2729,7.3,14.3,0.512,0.5,1.4,0.349,6.8,12.9,0.529,3.1,4.0,0.79,1.6,3.4,5.0,2.8,1.7,0.6,2.3,3.2,18.2
James Edwards,C,37,LAL,52,0,617,7.1,15.8,0.452,0.0,0.0,0.0,7.1,15.8,0.452,4.9,6.9,0.7120000000000001,1.8,4.1,5.8,2.4,0.6,0.4,3.0,7.1,19.1
Kevin Edwards,SG,27,MIA,40,30,1134,6.9,14.7,0.46799999999999997,0.2,0.5,0.294,6.7,14.1,0.474,3.8,4.5,0.8440000000000001,1.5,2.3,3.8,3.8,2.2,0.4,2.4,2.2,17.7
Craig Ehlo,SG,31,CLE,82,73,2559,5.4,11.0,0.49,1.3,3.4,0.381,4.1,7.6,0.54,1.2,1.7,0.7170000000000001,1.6,4.1,5.7,3.6,1.5,0.3,1.7,2.4,13.4
Mario Elie,SF,29,POR,82,7,1757,4.9,10.7,0.45799999999999996,0.9,2.6,0.349,4.0,8.1,0.494,3.7,4.4,0.855,1.2,3.2,4.4,3.6,1.5,0.4,1.8,3.0,14.5
Sean Elliott,SF,24,SAS,70,70,2604,6.2,12.7,0.491,0.5,1.4,0.35600000000000004,5.7,11.3,0.509,3.7,4.7,0.795,1.2,3.3,4.5,3.7,0.9,0.4,2.1,1.8,16.7
Dale Ellis,SG,32,SAS,82,76,2731,7.2,14.4,0.499,1.6,3.9,0.401,5.6,10.5,0.536,2.1,2.6,0.797,1.1,3.0,4.1,1.4,1.0,0.2,1.5,2.4,18.0
LaPhonso Ellis,PF,22,DEN,82,82,2749,6.3,12.5,0.504,0.0,0.2,0.154,6.3,12.4,0.509,3.1,4.2,0.748,3.6,6.2,9.7,2.0,0.9,1.5,2.0,3.8,15.8
Pervis Ellison,C,25,WSB,49,48,1701,7.2,13.9,0.521,0.0,0.1,0.0,7.2,13.8,0.524,3.6,5.1,0.7020000000000001,2.9,6.2,9.2,2.5,1.0,2.3,2.3,3.3,18.0
Jo Jo English,SG,22,CHI,6,0,31,3.5,11.6,0.3,0.0,3.5,0.0,3.5,8.1,0.429,0.0,2.3,0.0,2.3,4.6,7.0,1.2,3.5,2.3,4.6,5.8,7.0
Patrick Ewing*,C,30,NYK,81,81,3003,9.3,18.6,0.503,0.0,0.1,0.14300000000000002,9.3,18.5,0.504,4.8,6.7,0.7190000000000001,2.3,9.5,11.7,1.8,0.9,1.9,3.2,3.4,23.5
Duane Ferrell,SF,27,ATL,82,15,1736,6.8,14.4,0.47,0.2,0.7,0.25,6.6,13.7,0.48200000000000004,3.6,4.7,0.779,2.0,1.9,4.0,2.7,1.2,0.4,2.1,3.3,17.4
Danny Ferry,PF,26,CLE,76,1,1461,5.4,11.3,0.479,0.8,2.0,0.415,4.6,9.3,0.493,2.4,2.8,0.8759999999999999,2.0,4.9,6.9,3.4,0.7,1.2,2.0,4.2,14.1
Vern Fleming,PG,30,IND,75,8,1503,6.7,13.3,0.505,0.2,0.9,0.19399999999999998,6.5,12.4,0.527,3.4,4.7,0.726,1.5,2.5,4.0,5.4,1.5,0.2,2.9,3.0,17.0
Sleepy Floyd,PG,32,HOU,52,10,867,5.1,12.7,0.40700000000000003,0.7,2.3,0.28600000000000003,4.5,10.3,0.434,3.4,4.2,0.794,0.6,3.0,3.6,5.5,1.3,0.2,2.8,2.4,14.3
Greg Foster,PF,24,TOT,43,0,298,6.6,14.5,0.45799999999999996,0.0,0.5,0.0,6.6,14.0,0.474,1.8,2.5,0.7140000000000001,3.9,6.2,10.0,2.5,0.4,1.7,3.0,7.0,15.1
Rick Fox,SF,23,BOS,71,14,1082,6.1,12.6,0.484,0.1,0.8,0.174,6.0,11.9,0.504,2.7,3.4,0.802,1.8,3.5,5.3,3.8,2.0,0.7,2.6,4.4,15.1
Kevin Gamble,SF,27,BOS,82,58,2541,6.5,12.8,0.507,0.7,2.0,0.374,5.8,10.9,0.531,1.7,2.1,0.826,0.7,2.8,3.5,3.2,1.2,0.5,1.1,2.6,15.5
Winston Garland,PG,28,HOU,66,4,1004,5.5,12.3,0.44299999999999995,0.2,0.5,0.462,5.2,11.8,0.442,2.9,3.2,0.91,1.1,2.7,3.9,4.9,1.4,0.1,2.4,4.2,14.0
Chris Gatling,PF,25,GSW,70,11,1248,7.2,13.3,0.539,0.0,0.2,0.0,7.2,13.2,0.546,4.3,6.0,0.725,3.7,5.5,9.2,1.2,1.3,1.5,2.9,5.7,18.7
Kenny Gattison,PF,28,CHH,75,5,1475,5.0,9.4,0.529,0.0,0.1,0.0,5.0,9.3,0.5329999999999999,2.5,4.1,0.604,2.6,6.0,8.6,1.7,1.2,1.3,1.6,5.8,12.4
Matt Geiger,C,23,MIA,48,2,554,4.9,9.4,0.524,0.0,0.3,0.0,4.9,9.2,0.539,4.0,6.0,0.674,3.0,4.8,7.8,0.9,1.0,1.2,2.3,8.0,13.9
Tate George,PG,24,NJN,48,1,380,4.8,12.8,0.37799999999999995,0.0,0.5,0.0,4.8,12.3,0.392,1.9,2.3,0.833,0.9,1.7,2.6,5.6,0.9,0.3,2.9,2.4,11.6
Kendall Gill,SG,24,CHH,69,67,2430,6.9,15.3,0.449,0.3,0.9,0.27399999999999997,6.6,14.4,0.46,3.3,4.3,0.772,1.8,3.3,5.0,4.0,1.5,0.5,2.6,2.8,17.3
Armen Gilliam,PF,28,PHI,80,26,1742,7.4,16.0,0.46399999999999997,0.0,0.0,0.0,7.4,16.0,0.46399999999999997,5.7,6.7,0.843,2.8,6.9,9.8,2.4,0.8,1.1,3.2,2.5,20.5
Gerald Glass,SF,25,TOT,60,5,848,6.0,14.4,0.419,0.3,1.4,0.212,5.7,13.0,0.441,1.1,1.7,0.6409999999999999,2.6,3.4,6.0,3.3,1.4,0.8,1.5,4.4,13.4
Mike Gminski,C,33,CHH,34,0,251,6.0,11.9,0.506,0.0,0.0,0.0,6.0,11.9,0.506,1.3,1.4,0.9,4.9,7.3,12.2,1.0,0.1,1.3,1.6,4.0,13.3
Paul Graham,SG,25,ATL,80,11,1508,6.1,13.4,0.457,1.0,3.4,0.298,5.1,10.0,0.511,2.3,3.1,0.733,1.5,3.1,4.5,3.9,2.1,0.1,2.9,4.4,15.5
Gary Grant,PG,27,LAC,74,8,1624,4.7,10.6,0.441,0.2,0.9,0.262,4.4,9.6,0.45899999999999996,1.2,1.6,0.743,0.6,2.5,3.1,7.8,2.3,0.2,2.9,3.7,10.8
Greg Grant,PG,26,PHI,72,0,996,2.8,8.0,0.35,0.7,2.5,0.294,2.1,5.5,0.375,0.7,1.1,0.645,0.9,1.6,2.4,7.4,1.6,0.0,2.0,2.6,7.0
Harvey Grant,SF,27,WSB,72,72,2667,7.6,15.5,0.48700000000000004,0.0,0.1,0.1,7.5,15.4,0.491,2.9,4.0,0.727,1.8,3.8,5.6,2.8,1.0,0.6,1.2,2.3,18.1
Horace Grant,PF,27,CHI,77,77,2745,5.5,10.9,0.508,0.0,0.1,0.2,5.5,10.8,0.51,2.3,3.7,0.619,4.5,5.1,9.6,2.6,1.2,1.3,1.4,2.9,13.3
Jeff Grayer,SG,27,GSW,48,12,1025,5.8,12.4,0.467,0.1,0.5,0.14300000000000002,5.7,11.9,0.48100000000000004,3.2,4.8,0.669,2.5,3.0,5.5,2.5,1.1,0.3,1.9,4.2,14.9
A.C. Green,PF,29,LAL,82,55,2819,4.8,9.0,0.537,0.2,0.6,0.348,4.6,8.4,0.55,3.5,4.8,0.7390000000000001,3.7,5.4,9.1,1.5,1.1,0.5,1.5,1.9,13.4
Litterial Green,PG,22,ORL,52,4,626,5.0,11.4,0.439,0.1,0.6,0.1,4.9,10.8,0.457,3.5,5.5,0.625,0.6,1.3,2.0,6.7,1.3,0.2,2.4,4.0,13.5
Sean Green,SG,22,IND,13,0,81,12.4,24.4,0.509,1.3,4.4,0.3,11.1,20.0,0.556,1.3,1.8,0.75,1.8,2.2,4.0,3.1,0.9,0.4,4.0,4.9,27.6
Sidney Green,PF,32,TOT,39,0,329,3.7,9.7,0.382,0.0,0.2,0.0,3.7,9.5,0.391,2.7,3.4,0.8059999999999999,3.5,9.4,12.9,2.6,0.7,0.5,2.2,4.0,10.2
Tom Gugliotta,PF,23,WSB,81,81,2795,6.2,14.6,0.426,0.5,1.7,0.281,5.7,12.9,0.446,2.3,3.6,0.644,2.8,7.2,10.1,3.9,1.7,0.5,3.0,2.5,15.3
Jay Guidinger,C,23,CLE,32,5,215,3.2,9.2,0.345,0.0,0.0,0.0,3.2,9.2,0.345,2.2,4.2,0.52,4.4,6.4,10.7,2.8,1.5,1.7,1.7,8.0,8.5
Tom Hammonds,PF,25,TOT,54,5,713,5.3,11.2,0.475,0.0,0.1,0.0,5.3,11.1,0.47700000000000004,1.9,3.1,0.613,1.9,4.5,6.4,1.2,0.9,0.6,1.7,3.9,12.5
Tim Hardaway,PG,26,GSW,66,66,2609,7.2,16.1,0.447,1.4,4.3,0.33,5.8,11.9,0.489,3.8,5.1,0.7440000000000001,0.8,2.8,3.6,9.6,1.6,0.2,3.0,2.1,19.6
Derek Harper,SG,31,DAL,62,60,2108,6.7,16.0,0.419,1.7,4.4,0.39299999999999996,5.0,11.6,0.428,4.1,5.4,0.7559999999999999,0.7,1.4,2.1,5.7,1.4,0.3,2.3,2.5,19.2
Ron Harper,SG,29,LAC,80,77,2970,6.6,14.6,0.451,0.6,2.3,0.28,5.9,12.3,0.48200000000000004,3.7,4.8,0.769,1.4,3.7,5.2,4.4,2.1,0.9,2.7,2.6,17.5
Scott Hastings,C,32,DEN,76,0,670,3.1,6.0,0.509,0.1,0.4,0.25,3.0,5.6,0.529,2.1,3.0,0.727,2.4,5.0,7.4,1.8,0.6,0.4,1.6,6.2,8.4
Hersey Hawkins,SG,26,PHI,81,81,2977,6.7,14.2,0.47,1.5,3.7,0.397,5.2,10.5,0.496,5.1,5.9,0.86,1.1,3.1,4.2,3.8,1.7,0.4,2.2,2.3,19.9
Steve Henson,PG,24,ATL,53,2,719,3.6,9.1,0.39,1.9,4.0,0.46299999999999997,1.7,5.1,0.33299999999999996,1.7,2.0,0.85,0.6,2.2,2.8,7.8,1.5,0.1,2.6,4.3,10.7
Carl Herrera,PF,26,HOU,81,12,1800,4.8,8.9,0.541,0.0,0.0,0.0,4.8,8.8,0.5429999999999999,2.5,3.5,0.71,3.0,6.1,9.1,1.2,0.9,0.7,1.8,3.8,12.1
Rod Higgins,SF,33,SAC,69,4,1425,5.0,12.2,0.41200000000000003,1.1,3.4,0.32299999999999995,3.9,8.8,0.446,3.3,3.8,0.861,1.7,3.2,4.9,3.0,1.3,0.7,1.6,3.6,14.4
Sean Higgins,SF,24,GSW,29,4,591,5.8,13.1,0.447,0.8,2.3,0.35100000000000003,5.1,10.8,0.466,2.1,2.9,0.745,1.4,2.7,4.1,4.0,0.8,0.3,3.9,3.3,14.6
Tyrone Hill,C,24,GSW,74,66,2070,4.4,8.6,0.508,0.0,0.1,0.0,4.4,8.5,0.512,2.4,3.8,0.624,4.4,8.7,13.1,1.2,0.7,0.7,1.6,5.6,11.1
Donald Hodge,C,23,DAL,79,8,1267,4.6,11.4,0.40299999999999997,0.0,0.0,0.0,4.6,11.4,0.40299999999999997,2.0,3.0,0.6829999999999999,2.6,5.7,8.4,2.1,0.9,1.1,2.6,5.8,11.2
Dave Hoppen,C,28,NJN,2,0,10,3.6,3.6,1.0,0.0,0.0,0.0,3.6,3.6,1.0,0.0,7.2,0.0,3.6,10.8,14.4,0.0,0.0,0.0,0.0,7.2,7.2
Jeff Hornacek,PG,29,PHI,79,78,2860,7.3,15.6,0.47,1.2,3.1,0.39,6.1,12.5,0.49,3.1,3.6,0.865,1.1,3.2,4.3,6.9,1.6,0.3,2.8,2.6,19.0
Robert Horry,SF,22,HOU,79,79,2330,5.0,10.5,0.474,0.2,0.7,0.255,4.8,9.8,0.49,2.2,3.1,0.715,1.7,4.3,6.1,3.0,1.2,1.3,2.4,3.2,12.4
Byron Houston,PF,23,GSW,79,8,1274,4.1,9.2,0.446,0.1,0.2,0.28600000000000003,4.0,9.0,0.45,3.6,5.5,0.665,3.4,5.5,8.9,1.9,1.2,1.2,2.5,7.1,11.9
Brian Howard,SF,25,DAL,68,22,1295,5.1,11.5,0.442,0.0,0.2,0.14300000000000002,5.1,11.3,0.447,2.0,2.6,0.7659999999999999,1.8,4.1,5.9,1.9,1.5,0.9,1.9,6.0,12.2
Stephen Howard,SF,22,UTA,49,0,260,4.8,12.9,0.376,0.0,0.0,0.0,4.8,12.9,0.376,4.7,7.3,0.642,3.6,4.7,8.3,1.4,2.1,1.7,3.2,8.0,14.4
Jay Humphries,SG,30,UTA,78,20,2034,5.1,11.7,0.436,0.3,1.3,0.2,4.8,10.3,0.466,1.8,2.3,0.777,0.7,1.8,2.5,5.6,1.8,0.2,2.3,4.2,12.2
Byron Irvin,SG,26,WSB,4,2,45,7.2,14.4,0.5,0.8,0.8,1.0,6.4,13.6,0.47100000000000003,2.4,4.8,0.5,1.6,1.6,3.2,1.6,0.8,0.0,3.2,4.0,17.6
Mike Iuzzolino,PG,25,DAL,70,23,1769,4.5,9.7,0.462,1.1,2.9,0.375,3.4,6.8,0.5,2.3,3.0,0.765,0.6,2.2,2.8,6.7,1.0,0.1,2.6,2.1,12.4
Jaren Jackson,SG,25,LAC,34,0,350,5.5,13.2,0.414,0.2,0.5,0.4,5.2,12.7,0.415,2.4,2.8,0.852,2.0,2.1,4.0,3.6,2.0,0.5,1.7,4.6,13.5
Jim Jackson,SF,22,DAL,28,28,938,7.1,17.9,0.395,0.8,2.8,0.28800000000000003,6.3,15.1,0.415,2.6,3.5,0.7390000000000001,1.6,3.1,4.7,5.0,1.5,0.4,4.4,3.1,17.5
Mark Jackson,PG,27,LAC,82,81,3117,5.3,10.9,0.486,0.3,0.9,0.268,5.0,10.0,0.506,2.8,3.5,0.8029999999999999,1.5,3.0,4.5,8.4,1.6,0.1,2.5,1.8,13.6
Henry James,PF,27,TOT,10,0,88,8.6,20.9,0.41200000000000003,1.2,5.3,0.231,7.4,15.5,0.474,9.0,10.6,0.846,2.9,1.6,4.5,0.4,1.2,0.0,2.9,3.7,27.4
Keith Jennings,PG,24,GSW,8,0,136,6.6,11.1,0.595,1.3,2.4,0.556,5.3,8.7,0.606,3.7,4.8,0.778,0.5,2.4,2.9,6.1,1.1,0.0,1.9,4.8,18.3
Avery Johnson,PG,27,SAS,75,49,2030,4.5,9.0,0.502,0.0,0.1,0.0,4.5,8.9,0.51,2.6,3.2,0.7909999999999999,0.4,2.2,2.6,9.9,1.5,0.3,2.6,2.5,11.6
Buck Johnson,SF,29,WSB,73,19,1287,5.4,11.3,0.479,0.0,0.1,0.0,5.4,11.2,0.483,2.6,3.5,0.73,2.2,3.3,5.5,2.5,1.0,0.5,2.0,5.2,13.4
Dave Johnson,SG,22,POR,42,0,356,5.8,15.1,0.38299999999999995,0.3,1.4,0.214,5.5,13.7,0.4,4.0,6.0,0.6779999999999999,1.8,3.0,4.9,1.3,0.8,0.1,2.8,2.3,15.9
Eddie Johnson,SF,33,SEA,82,0,1869,8.9,19.1,0.467,0.3,1.1,0.304,8.6,18.0,0.47700000000000004,4.5,5.0,0.9109999999999999,2.4,2.9,5.2,2.6,0.7,0.1,2.6,3.3,22.7
Frank Johnson,PG,34,PHO,77,0,1122,4.4,10.0,0.436,0.0,0.4,0.083,4.3,9.6,0.45,1.9,2.4,0.7759999999999999,1.3,2.3,3.6,6.0,1.9,0.3,2.6,3.6,10.7
Kevin Johnson,PG,26,PHO,49,47,1643,6.2,12.4,0.499,0.0,0.2,0.125,6.2,12.2,0.504,5.0,6.0,0.8190000000000001,0.7,1.6,2.3,8.4,1.9,0.4,3.3,2.2,17.3
Larry Johnson,PF,23,CHH,82,82,3323,7.9,15.0,0.526,0.2,0.8,0.254,7.7,14.2,0.54,3.6,4.7,0.767,3.0,6.3,9.4,3.8,0.6,0.3,2.5,2.0,19.6
Charles Jones,C,35,WSB,67,21,1206,1.0,1.9,0.524,0.0,0.0,0.0,1.0,1.9,0.532,0.7,1.1,0.579,2.6,5.7,8.3,1.3,1.1,2.3,1.1,4.3,2.6
Michael Jordan*,SG,29,CHI,78,78,3067,11.6,23.5,0.495,1.0,2.7,0.35200000000000004,10.7,20.8,0.514,5.6,6.7,0.8370000000000001,1.6,4.5,6.1,5.0,2.6,0.7,2.4,2.2,29.8
Thomas Jordan,PF,24,PHI,4,0,106,6.1,13.9,0.439,0.0,0.0,0.0,6.1,13.9,0.439,2.7,5.8,0.47100000000000003,1.7,4.8,6.5,1.0,1.0,1.7,4.1,4.8,14.9
Adam Keefe,PF,22,ATL,82,6,1549,4.4,8.7,0.5,0.0,0.0,0.0,4.4,8.7,0.501,3.9,5.5,0.7,4.0,6.1,10.0,1.9,1.3,0.4,2.3,4.5,12.6
Shawn Kemp,PF,23,SEA,78,68,2582,7.2,14.6,0.49200000000000005,0.0,0.1,0.0,7.2,14.5,0.494,5.0,7.0,0.7120000000000001,4.0,7.6,11.6,2.2,1.7,2.0,3.0,4.6,19.4
Tim Kempton,PF,29,PHO,30,0,167,4.1,10.3,0.396,0.0,0.0,0.0,4.1,10.3,0.396,3.9,6.7,0.581,2.6,5.8,8.4,4.1,0.9,0.9,3.4,6.5,12.1
Steve Kerr,SG-PG,27,TOT,52,0,481,4.0,9.1,0.434,0.4,1.9,0.231,3.5,7.2,0.49,1.6,1.8,0.917,0.4,3.0,3.4,5.2,0.7,0.1,2.0,2.7,10.0
Jerome Kersey,SF,30,POR,65,50,1719,5.9,13.4,0.43799999999999994,0.2,0.6,0.28600000000000003,5.7,12.9,0.445,2.4,3.8,0.634,2.6,5.9,8.5,2.5,1.7,0.9,1.8,3.8,14.4
Alec Kessler,PF,26,MIA,40,2,415,4.9,10.6,0.467,0.4,1.0,0.455,4.5,9.6,0.46799999999999997,3.1,4.1,0.7659999999999999,2.2,5.7,7.9,1.2,0.3,1.0,1.8,5.5,13.4
Bo Kimble,SG,26,NYK,9,0,55,9.2,21.6,0.424,1.3,5.2,0.25,7.9,16.4,0.48,2.0,5.2,0.375,2.0,5.2,7.2,3.3,0.7,0.0,3.9,6.5,21.6
Stan Kimbrough,PG,26,SAC,3,0,15,4.8,14.4,0.33299999999999996,2.4,4.8,0.5,2.4,9.6,0.25,0.0,0.0,0.0,0.0,0.0,0.0,2.4,2.4,0.0,0.0,2.4,12.0
Bernard King*,SF,36,NJN,32,2,430,7.6,14.8,0.514,0.2,0.6,0.28600000000000003,7.5,14.2,0.524,3.3,4.8,0.684,2.9,3.4,6.4,1.5,0.9,0.3,1.8,4.4,18.7
Rich King,C,23,SEA,3,0,12,6.0,15.0,0.4,0.0,0.0,0.0,6.0,15.0,0.4,6.0,6.0,1.0,3.0,12.0,15.0,3.0,0.0,0.0,9.0,3.0,18.0
Stacey King,C,26,CHI,76,3,1059,5.4,11.6,0.47100000000000003,0.1,0.2,0.33299999999999996,5.4,11.4,0.473,2.9,4.1,0.705,3.6,3.5,7.0,2.4,0.9,0.7,2.4,4.4,13.9
Greg Kite,C,31,ORL,64,1,640,2.1,4.7,0.452,0.0,0.1,0.0,2.1,4.7,0.45799999999999996,0.7,1.4,0.542,3.7,7.1,10.9,0.6,0.7,0.7,2.0,7.5,5.0
Joe Kleine,C,31,BOS,78,3,1129,3.4,8.5,0.40399999999999997,0.0,0.2,0.0,3.4,8.3,0.414,1.3,1.8,0.7070000000000001,3.6,7.4,11.0,1.2,0.5,0.5,1.2,3.9,8.2
Negele Knight,PG,25,PHO,52,35,888,5.0,12.9,0.391,0.0,0.3,0.0,5.0,12.6,0.4,2.7,3.5,0.779,1.1,1.5,2.6,5.9,0.9,0.2,3.0,2.7,12.8
Bart Kofoed,SG,28,BOS,7,0,41,2.6,11.4,0.231,0.0,0.9,0.0,2.6,10.5,0.25,9.7,12.3,0.7859999999999999,0.0,0.9,0.9,8.8,1.8,0.9,2.6,0.9,14.9
Jon Koncak,C,29,ATL,78,65,1975,2.3,4.9,0.46399999999999997,0.1,0.1,0.375,2.2,4.7,0.467,0.4,0.9,0.48,1.8,6.0,7.8,2.6,1.4,1.8,0.9,4.8,5.0
Larry Krystkowiak,PF,28,UTA,71,0,1362,5.2,11.2,0.466,0.0,0.0,0.0,5.2,11.2,0.467,3.1,3.9,0.7959999999999999,2.0,5.4,7.4,1.8,1.1,0.3,1.6,4.8,13.6
Christian Laettner,PF,23,MIN,81,81,2823,6.4,13.5,0.474,0.1,0.5,0.1,6.4,13.0,0.489,5.9,7.1,0.835,2.2,6.8,9.0,2.8,1.3,1.1,3.5,3.7,18.8
Bill Laimbeer,C,35,DET,79,41,1933,5.4,10.7,0.509,0.2,0.5,0.37,5.3,10.2,0.516,1.7,1.9,0.894,2.0,5.8,7.8,2.4,0.9,0.7,1.1,3.9,12.8
Jerome Lane,PF,26,CLE,21,2,149,6.5,13.0,0.5,0.0,0.0,0.0,6.5,13.0,0.5,1.2,4.8,0.25,5.8,7.0,12.8,4.1,2.9,0.7,1.7,7.7,14.3
Andrew Lang,C,26,PHI,73,59,1861,2.9,6.8,0.425,0.0,0.1,0.2,2.9,6.7,0.428,1.7,2.2,0.763,2.6,5.8,8.4,1.5,0.9,2.7,1.7,5.0,7.5
Doug Lee,SG,28,NJN,5,0,33,2.2,7.6,0.28600000000000003,1.1,3.3,0.33299999999999996,1.1,4.4,0.25,0.0,0.0,0.0,0.0,2.2,2.2,5.5,0.0,1.1,3.3,7.6,5.5
Tim Legler,SG,26,TOT,33,0,635,6.0,13.7,0.436,1.2,3.7,0.33799999999999997,4.7,10.0,0.47200000000000003,3.2,4.0,0.8029999999999999,1.4,1.9,3.3,2.6,1.4,0.3,1.6,3.6,16.4
Jim Les,PG,29,SAC,73,0,881,4.5,10.6,0.425,2.7,6.3,0.429,1.8,4.3,0.419,1.7,2.0,0.84,0.8,2.8,3.6,6.9,1.6,0.3,2.0,3.3,13.4
Reggie Lewis,SG,27,BOS,80,80,3144,7.6,16.1,0.47,0.2,0.7,0.233,7.4,15.5,0.48100000000000004,3.7,4.3,0.867,1.0,3.0,4.0,3.4,1.4,0.9,1.5,2.8,19.1
Marcus Liberty,SF,24,DEN,78,32,1585,5.7,14.1,0.406,0.5,1.3,0.373,5.2,12.7,0.41,2.3,3.5,0.654,3.0,4.6,7.6,2.4,1.5,0.5,1.8,3.2,14.3
Todd Lichti,SG,26,DEN,48,12,752,5.9,13.2,0.449,0.1,0.3,0.33299999999999996,5.8,12.9,0.452,3.9,4.9,0.794,1.7,3.2,4.9,2.5,1.3,0.5,2.3,2.9,15.8
Alton Lister,C,34,GSW,20,9,174,3.9,8.7,0.452,0.0,0.0,0.0,3.9,8.7,0.452,1.4,2.7,0.5379999999999999,3.1,6.0,9.1,1.0,0.0,1.9,3.7,8.3,9.3
Brad Lohaus,PF,28,MIL,80,24,1766,5.8,12.5,0.461,1.7,4.7,0.37,4.0,7.8,0.516,1.5,2.1,0.723,1.2,4.4,5.6,2.6,1.0,1.5,1.9,3.6,14.8
Grant Long,PF,26,MIA,76,62,2728,5.2,11.2,0.469,0.1,0.3,0.231,5.2,10.8,0.47600000000000003,3.4,4.5,0.765,2.6,4.9,7.5,2.4,1.4,0.4,1.8,3.5,14.0
Luc Longley,C,24,MIN,55,25,1045,4.6,10.1,0.455,0.0,0.0,0.0,4.6,10.1,0.455,1.8,2.5,0.716,2.4,5.8,8.3,1.8,1.6,2.7,3.0,5.8,11.0
Kevin Lynch,SG,24,CHH,40,8,324,3.3,6.6,0.508,0.0,0.1,0.0,3.3,6.4,0.517,2.9,4.2,0.684,1.3,2.6,3.9,2.8,1.2,0.7,2.7,4.9,9.6
Sam Mack,SF,22,SAS,40,0,267,6.3,15.9,0.39799999999999996,0.4,3.0,0.136,5.9,12.9,0.45799999999999996,6.1,7.8,0.7759999999999999,2.4,4.0,6.5,2.0,1.9,0.7,3.0,5.9,19.1
Don MacLean,PF,23,WSB,62,4,674,8.4,19.3,0.435,0.2,0.3,0.5,8.2,19.0,0.434,4.8,5.9,0.8109999999999999,1.8,4.8,6.5,2.1,0.6,0.2,2.2,4.4,21.7
Mark Macon,PG,23,DEN,48,27,1141,5.0,12.0,0.415,0.0,0.2,0.0,5.0,11.8,0.42100000000000004,1.3,1.9,0.7,1.0,2.2,3.2,4.0,2.2,0.1,2.3,4.3,11.3
Rick Mahorn,PF,34,NJN,74,9,1077,3.4,7.2,0.47200000000000003,0.0,0.1,0.33299999999999996,3.3,7.1,0.474,2.9,3.7,0.8,3.1,6.2,9.3,1.1,0.6,1.0,1.9,5.2,9.7
Dan Majerle,SG,27,PHO,82,82,3199,5.7,12.3,0.46399999999999997,1.9,4.9,0.381,3.8,7.4,0.52,2.3,2.9,0.778,1.4,3.0,4.3,3.5,1.6,0.4,1.5,2.0,15.6
Jeff Malone,SG,31,UTA,79,59,2558,8.4,17.0,0.494,0.0,0.1,0.33299999999999996,8.3,16.8,0.495,3.3,3.9,0.852,0.4,2.0,2.4,1.8,0.6,0.1,1.8,1.6,20.1
Karl Malone*,PF,29,UTA,82,82,3099,9.3,16.8,0.552,0.0,0.2,0.2,9.2,16.5,0.557,7.2,9.7,0.74,2.6,8.0,10.7,3.6,1.4,1.0,2.8,3.0,25.8
Moses Malone*,C,37,MIL,11,0,104,4.5,14.5,0.31,0.0,0.0,0.0,4.5,14.5,0.31,8.3,10.7,0.774,7.6,8.3,15.9,2.4,0.3,2.8,3.5,2.1,17.3
Danny Manning,PF,26,LAC,79,77,2761,9.2,18.0,0.509,0.1,0.4,0.267,9.0,17.6,0.514,5.1,6.3,0.802,2.6,4.2,6.8,2.7,1.4,1.3,3.0,4.2,23.5
Šarūnas Marčiulionis*,SF,28,GSW,30,8,836,7.7,14.1,0.5429999999999999,0.1,0.6,0.2,7.5,13.5,0.5589999999999999,7.0,9.2,0.7609999999999999,1.7,2.5,4.2,4.5,2.2,0.1,3.3,4.0,22.4
Anthony Mason,PF,26,NYK,81,0,2482,4.6,9.1,0.502,0.0,0.0,0.0,4.6,9.1,0.502,2.9,4.2,0.682,3.4,5.9,9.3,2.5,0.6,0.3,2.0,3.5,12.1
Marlon Maxey,PF,23,MIN,43,3,520,6.4,11.7,0.55,0.0,0.1,0.0,6.4,11.6,0.5539999999999999,3.1,4.8,0.643,4.6,6.8,11.4,0.8,0.8,1.2,2.6,5.2,16.0
Vernon Maxwell,SG,27,HOU,71,68,2251,5.6,13.7,0.40700000000000003,1.9,5.8,0.332,3.7,7.9,0.461,2.6,3.6,0.7190000000000001,0.5,3.1,3.5,4.7,1.4,0.1,2.2,2.0,15.7
Lee Mayberry,PG,22,MIL,82,4,1503,4.1,9.0,0.456,1.0,2.6,0.391,3.1,6.3,0.483,0.9,1.6,0.574,0.6,2.2,2.8,6.5,1.4,0.2,2.0,3.5,10.2
Travis Mays,PG,24,ATL,49,9,787,5.9,14.1,0.41700000000000004,1.3,3.8,0.345,4.6,10.3,0.444,2.5,3.8,0.659,0.9,1.5,2.4,3.3,1.0,0.1,2.3,2.7,15.6
Bob McCann,SF,28,MIN,79,7,1536,4.7,9.6,0.488,0.0,0.0,0.0,4.7,9.6,0.49,2.2,3.6,0.625,2.2,4.5,6.6,1.6,1.2,1.4,1.9,4.7,11.6
George McCloud,SF,25,IND,78,21,1500,5.2,12.6,0.41100000000000003,1.4,4.3,0.32,3.8,8.3,0.45899999999999996,1.8,2.4,0.735,1.4,3.5,4.9,4.6,1.3,0.3,2.6,4.0,13.6
Rodney McCray,SF,31,CHI,64,5,1019,3.3,7.2,0.451,0.1,0.2,0.4,3.2,7.0,0.452,1.3,1.8,0.6920000000000001,1.9,3.7,5.6,2.9,0.4,0.5,1.9,3.5,7.8
Xavier McDaniel,PF,29,BOS,82,27,2215,7.4,15.0,0.495,0.1,0.4,0.273,7.3,14.7,0.5,3.1,3.9,0.7929999999999999,2.7,5.2,7.9,2.6,1.2,0.8,2.8,4.0,18.1
Kevin McHale*,PF,35,BOS,71,0,1656,6.5,14.1,0.45899999999999996,0.0,0.4,0.111,6.4,13.7,0.469,3.6,4.2,0.841,2.1,5.7,7.8,1.6,0.3,1.3,2.0,2.7,16.6
Derrick McKey,SF,26,SEA,77,68,2439,5.7,11.5,0.496,0.6,1.7,0.35700000000000004,5.1,9.9,0.519,3.2,4.4,0.741,1.8,3.0,4.8,2.9,1.5,0.9,2.2,3.1,15.3
Nate McMillan,PG,28,SEA,73,25,1977,3.9,8.4,0.46399999999999997,0.5,1.2,0.385,3.4,7.2,0.47700000000000004,1.7,2.4,0.7090000000000001,1.5,4.0,5.6,7.0,3.2,0.6,2.5,4.4,9.9
Oliver Miller,C,22,PHO,56,1,1069,4.1,8.6,0.475,0.0,0.1,0.0,4.1,8.5,0.48,2.4,3.4,0.71,2.4,6.9,9.3,4.0,1.3,3.4,3.6,4.9,10.5
Reggie Miller*,SG,27,IND,82,82,2954,7.0,14.5,0.479,2.0,5.1,0.39899999999999997,4.9,9.4,0.522,5.2,5.9,0.88,0.8,2.3,3.1,3.2,1.5,0.3,1.8,2.2,21.2
Terry Mills,PF,25,DET,81,46,2183,8.1,17.7,0.461,0.2,0.6,0.278,8.0,17.1,0.467,3.3,4.2,0.7909999999999999,2.9,4.9,7.8,1.8,0.7,0.8,2.3,4.7,19.8
Harold Miner,SG,21,MIA,73,0,1383,7.6,16.0,0.475,0.1,0.2,0.33299999999999996,7.5,15.8,0.47700000000000004,4.2,5.6,0.762,1.9,1.9,3.8,1.9,0.9,0.2,2.4,3.4,19.5
Sam Mitchell,SF,29,IND,81,1,1402,5.5,12.4,0.445,0.1,0.6,0.174,5.4,11.8,0.45899999999999996,3.9,4.8,0.8109999999999999,2.4,4.0,6.4,2.0,0.6,0.3,1.3,5.3,15.0
Tracy Moore,SG,27,DAL,39,1,510,7.3,17.6,0.414,1.6,4.7,0.34299999999999997,5.6,12.8,0.44,3.7,4.3,0.8690000000000001,1.6,2.0,3.7,3.3,1.5,0.3,2.3,3.8,19.9
Chris Morris,SF,27,NJN,77,57,2302,6.8,14.2,0.48100000000000004,0.3,1.2,0.22399999999999998,6.6,13.0,0.504,3.1,3.9,0.794,3.5,3.5,7.1,1.7,2.3,0.8,1.9,2.7,17.0
Isaiah Morris,SF,23,DET,25,0,102,9.2,20.1,0.456,0.0,0.0,0.0,9.2,20.1,0.456,1.1,1.4,0.75,2.1,2.1,4.2,1.4,1.1,0.4,2.8,4.9,19.4
Alonzo Mourning*,C,22,CHH,78,78,2644,7.8,15.2,0.511,0.0,0.0,0.0,7.8,15.2,0.513,6.7,8.6,0.7809999999999999,3.6,7.4,11.0,1.0,0.4,3.7,3.2,3.9,22.3
Chris Mullin*,SF,29,GSW,46,46,1902,9.0,17.6,0.51,1.1,2.5,0.451,7.8,15.1,0.519,3.5,4.3,0.81,0.8,3.6,4.4,3.1,1.3,0.8,2.6,1.4,22.5
Eric Murdock,PG,24,MIL,79,78,2437,6.5,13.8,0.46799999999999997,0.5,1.8,0.261,6.0,12.1,0.498,3.4,4.4,0.78,1.4,2.8,4.2,8.9,2.6,0.1,3.1,2.6,16.8
Tracy Murray,SF,21,POR,48,14,495,7.9,18.9,0.415,1.5,5.1,0.3,6.3,13.8,0.45799999999999996,2.5,2.9,0.875,2.9,3.1,6.0,0.8,0.6,0.4,2.3,4.3,19.8
Jerrod Mustaf,PF,23,PHO,32,9,336,6.1,13.9,0.43799999999999994,0.0,0.1,0.0,6.1,13.8,0.442,3.5,5.7,0.623,3.1,5.8,8.9,1.1,1.5,1.2,2.4,4.3,15.8
Dikembe Mutombo*,C,26,DEN,82,82,3029,4.7,9.3,0.51,0.0,0.0,0.0,4.7,9.3,0.51,4.0,5.8,0.6809999999999999,4.1,8.6,12.7,1.7,0.5,3.4,2.6,3.4,13.4
Larry Nance,PF,33,CLE,77,77,2753,7.0,12.7,0.5489999999999999,0.0,0.1,0.0,7.0,12.6,0.551,2.6,3.2,0.818,2.4,6.3,8.7,2.9,0.7,2.6,1.4,2.9,16.6
Ed Nealy,PF,32,TOT,41,4,308,3.0,8.1,0.377,0.9,3.2,0.29600000000000004,2.1,4.9,0.429,1.1,1.4,0.75,1.4,6.1,7.5,1.8,1.4,0.2,0.8,4.8,8.1
Melvin Newbern,SG,25,DET,33,1,311,4.9,13.1,0.37200000000000005,0.1,0.9,0.125,4.7,12.2,0.39,3.9,6.9,0.5670000000000001,2.2,2.1,4.3,6.6,2.7,0.1,3.7,4.9,13.8
Johnny Newman,SF,29,CHH,64,27,1471,6.8,13.1,0.522,0.3,1.1,0.267,6.5,12.0,0.546,4.7,5.9,0.8079999999999999,1.8,1.7,3.5,2.9,1.1,0.5,2.2,3.8,18.7
Ken Norman,SF,28,LAC,76,71,2477,7.2,14.2,0.511,0.1,0.6,0.263,7.1,13.6,0.521,1.9,3.2,0.595,3.0,5.3,8.3,2.4,0.9,0.8,1.8,2.3,16.5
Shaquille O'Neal*,C,20,ORL,81,81,3071,8.6,15.3,0.562,0.0,0.0,0.0,8.6,15.3,0.563,5.0,8.5,0.5920000000000001,4.0,9.1,13.2,1.8,0.7,3.4,3.6,3.8,22.2
Dan O'Sullivan,C,24,TOT,6,0,17,6.4,10.6,0.6,0.0,0.0,0.0,6.4,10.6,0.6,6.4,8.5,0.75,4.2,8.5,12.7,2.1,2.1,0.0,0.0,8.5,19.1
Charles Oakley,PF,29,NYK,82,82,2230,3.5,7.0,0.508,0.0,0.0,0.0,3.5,6.9,0.509,2.1,2.8,0.722,4.6,6.8,11.4,2.0,1.4,0.2,2.0,4.7,9.1
Alan Ogg,C,25,TOT,6,0,29,6.2,16.1,0.385,0.0,0.0,0.0,6.2,16.1,0.385,3.7,5.0,0.75,3.7,8.7,12.4,5.0,1.2,3.7,3.7,7.4,16.1
Hakeem Olajuwon*,C,30,HOU,82,82,3242,9.4,17.8,0.529,0.0,0.1,0.0,9.4,17.7,0.532,4.9,6.3,0.779,3.1,8.7,11.9,3.2,1.7,3.8,2.9,3.4,23.8
Matt Othick,PG,23,SAS,4,0,39,2.8,4.6,0.6,1.8,3.7,0.5,0.9,0.9,1.0,0.0,1.8,0.0,0.9,0.9,1.8,6.5,0.9,0.0,3.7,6.5,7.4
Doug Overton,PG,23,WSB,45,13,990,5.5,11.7,0.47100000000000003,0.1,0.5,0.231,5.4,11.3,0.48100000000000004,2.1,2.9,0.728,0.9,2.9,3.9,5.7,1.1,0.2,2.6,2.9,13.3
Billy Owens,PF,23,GSW,37,37,1201,7.4,14.8,0.501,0.0,0.3,0.091,7.4,14.4,0.51,3.5,5.5,0.639,3.2,4.7,7.9,4.3,1.0,0.8,3.2,3.1,18.3
Robert Pack,PG,23,DEN,77,1,1579,6.5,13.8,0.47,0.0,0.2,0.125,6.5,13.6,0.475,5.4,7.1,0.768,1.2,2.5,3.6,7.6,1.8,0.2,4.2,4.1,18.5
Gerald Paddio,SF,27,SEA,41,3,307,8.3,18.6,0.447,0.2,0.9,0.25,8.1,17.7,0.457,1.6,2.5,0.667,2.0,3.9,5.9,3.9,1.6,0.7,1.9,2.8,18.5
Walter Palmer,C,24,DAL,20,0,124,7.8,16.5,0.474,0.0,0.0,0.0,7.8,16.5,0.474,1.7,2.6,0.667,3.5,9.3,12.8,1.5,0.3,1.5,2.9,8.4,17.4
Robert Parish*,C,39,BOS,79,79,2146,7.0,13.0,0.535,0.0,0.0,0.0,7.0,13.0,0.535,2.7,3.9,0.6890000000000001,4.1,8.3,12.4,1.0,1.0,1.8,2.0,3.4,16.7
John Paxson,PG,32,CHI,59,8,1030,3.7,8.1,0.451,0.7,1.4,0.46299999999999997,3.0,6.7,0.44799999999999995,0.6,0.7,0.85,0.3,1.4,1.7,4.8,1.3,0.1,1.1,3.5,8.6
Kenny Payne,SF,26,PHI,13,0,154,8.9,21.0,0.42200000000000004,0.9,4.2,0.222,7.9,16.8,0.47200000000000003,0.9,0.9,1.0,0.9,4.7,5.6,4.2,1.2,0.5,1.6,3.5,19.6
Gary Payton*,PG,24,SEA,82,78,2548,6.7,13.6,0.494,0.1,0.5,0.20600000000000002,6.6,13.1,0.505,2.1,2.8,0.77,1.3,2.6,4.0,5.6,2.5,0.3,2.1,3.5,15.7
Anthony Peeler,SG,23,LAL,77,11,1656,6.5,13.8,0.46799999999999997,1.0,2.6,0.39,5.5,11.2,0.486,3.5,4.5,0.7859999999999999,1.4,2.5,3.9,3.6,1.3,0.3,2.7,4.2,17.4
Will Perdue,C,27,CHI,72,16,998,4.9,8.9,0.557,0.0,0.0,0.0,4.9,8.8,0.5589999999999999,2.4,4.0,0.604,3.7,6.6,10.4,2.7,0.8,1.7,2.7,5.0,12.3
Sam Perkins,PF,31,TOT,79,62,2351,5.8,12.2,0.47700000000000004,0.4,1.1,0.33799999999999997,5.5,11.1,0.49,3.8,4.7,0.82,2.5,5.5,8.0,2.4,0.9,1.3,1.7,3.4,15.9
Tim Perry,PF,27,PHI,81,51,2104,4.9,10.5,0.46799999999999997,0.2,0.8,0.204,4.7,9.7,0.491,2.5,3.5,0.71,2.6,4.4,7.0,2.2,0.7,1.6,2.1,2.7,12.5
Chuck Person,SF,28,MIN,78,75,2985,6.5,15.1,0.433,1.4,4.0,0.355,5.1,11.0,0.462,1.3,2.0,0.649,1.2,4.0,5.2,4.1,0.8,0.4,2.6,2.4,15.8
Dražen Petrović*,SG,28,NJN,70,67,2660,7.9,15.3,0.518,1.0,2.3,0.449,6.9,13.1,0.529,4.3,4.9,0.87,0.6,2.0,2.6,3.3,1.3,0.2,2.8,3.2,21.2
Bobby Phills,SG,23,CLE,31,0,139,9.8,21.2,0.46299999999999997,0.5,1.3,0.4,9.3,19.9,0.46799999999999997,3.9,6.5,0.6,1.6,2.8,4.4,2.6,2.6,0.5,4.7,4.9,24.1
Ricky Pierce,SG,33,SEA,77,72,2218,8.5,17.4,0.489,0.7,1.8,0.37200000000000005,7.8,15.5,0.503,5.1,5.7,0.889,0.9,2.2,3.1,3.6,1.6,0.1,2.6,2.7,22.8
Ed Pinckney,PF,29,BOS,7,5,151,2.4,5.7,0.41700000000000004,0.0,0.0,0.0,2.4,5.7,0.41700000000000004,2.9,3.1,0.9229999999999999,3.3,6.9,10.3,0.2,1.0,1.7,1.9,3.1,7.6
Scottie Pippen*,SF,27,CHI,81,81,3123,7.2,15.3,0.473,0.3,1.1,0.237,7.0,14.2,0.491,2.7,4.0,0.6629999999999999,2.3,4.8,7.2,5.8,2.0,0.8,2.8,2.5,17.4
Gary Plummer,PF,30,DEN,60,0,737,5.2,11.1,0.465,0.0,0.1,0.0,5.2,11.0,0.47100000000000003,3.4,4.6,0.726,2.6,5.9,8.5,2.0,0.7,0.5,3.8,6.9,13.7
Olden Polynice,C,28,DET,67,18,1299,5.8,11.9,0.49,0.0,0.0,0.0,5.8,11.9,0.491,1.8,3.9,0.465,5.0,6.6,11.6,0.8,0.9,0.6,1.5,3.5,13.5
Terry Porter,PG,29,POR,81,81,2883,6.3,13.8,0.45399999999999996,1.8,4.3,0.414,4.5,9.5,0.47200000000000003,4.1,4.8,0.843,0.7,3.2,3.9,5.2,1.3,0.1,2.5,1.5,18.4
Paul Pressey,SG,34,GSW,18,0,268,3.9,8.9,0.439,0.0,0.5,0.0,3.9,8.3,0.46799999999999997,2.8,3.6,0.778,1.1,3.1,4.2,4.0,1.5,0.7,3.1,4.8,10.6
Brent Price,PG,24,WSB,68,9,859,4.2,11.7,0.358,0.3,2.0,0.16699999999999998,3.9,9.7,0.39799999999999996,2.3,2.8,0.794,1.2,3.1,4.3,6.5,2.3,0.1,3.6,3.8,11.0
Mark Price,PG,28,CLE,75,74,2380,7.2,14.9,0.484,1.8,4.4,0.41600000000000004,5.4,10.5,0.512,4.4,4.6,0.948,0.6,2.5,3.0,9.1,1.3,0.2,3.0,1.6,20.6
Anthony Pullard,PF,26,MIL,8,0,37,7.8,17.5,0.444,0.0,0.0,0.0,7.8,17.5,0.444,1.0,2.9,0.33299999999999996,1.9,5.8,7.8,1.9,1.9,1.9,4.9,4.9,16.5
Kurt Rambis,PF,34,TOT,72,1,822,2.9,5.6,0.519,0.0,0.1,0.0,2.9,5.6,0.528,1.9,2.8,0.662,3.4,6.6,9.9,2.3,1.9,0.8,1.8,5.3,7.8
Mark Randall,PF,25,TOT,37,0,248,5.8,11.6,0.5,0.1,1.2,0.125,5.7,10.5,0.542,2.3,3.8,0.615,3.9,4.1,8.0,1.6,0.6,0.3,2.5,4.8,14.1
Blair Rasmussen,C,30,ATL,22,6,283,3.8,10.2,0.375,0.3,0.8,0.33299999999999996,3.6,9.4,0.37799999999999995,1.1,1.7,0.6920000000000001,2.5,4.5,7.0,0.6,0.6,1.3,1.5,7.8,9.0
J.R. Reid,PF,24,TOT,83,25,1887,5.4,11.4,0.47600000000000003,0.0,0.1,0.0,5.4,11.3,0.48,4.1,5.3,0.764,2.3,6.4,8.7,1.5,0.9,0.6,2.4,5.1,14.9
Glen Rice,SF,25,MIA,82,82,3082,6.8,15.5,0.44,1.7,4.5,0.38299999999999995,5.1,11.0,0.46299999999999997,2.8,3.4,0.82,1.1,3.9,5.0,2.1,1.1,0.3,1.8,2.3,18.2
Pooh Richardson,PG,26,IND,74,73,2396,5.1,10.6,0.479,0.0,0.4,0.10300000000000001,5.0,10.1,0.496,1.4,1.9,0.742,0.9,3.1,4.0,8.6,1.4,0.2,2.5,2.0,11.6
Mitch Richmond*,SG,27,SAC,45,45,1728,7.7,16.3,0.474,1.0,2.7,0.369,6.7,13.6,0.495,4.1,4.9,0.845,0.4,2.8,3.2,4.6,1.1,0.2,2.7,2.9,20.6
Doc Rivers,PG,31,NYK,77,45,1886,4.1,9.4,0.43700000000000006,0.7,2.3,0.317,3.4,7.1,0.47700000000000004,2.5,3.1,0.821,0.5,3.2,3.7,7.7,2.3,0.2,2.2,4.1,11.5
Fred Roberts,C,32,MIL,79,5,1488,5.5,10.4,0.528,0.3,0.7,0.414,5.2,9.7,0.536,3.3,4.1,0.799,2.2,3.5,5.7,2.9,1.4,0.7,1.6,3.3,14.5
Stanley Roberts,C,22,LAC,77,76,1816,7.4,14.1,0.527,0.0,0.0,0.0,7.4,14.1,0.527,2.4,4.9,0.488,3.6,5.9,9.5,1.2,0.7,2.8,2.4,6.6,17.2
Alvin Robertson,SG,30,TOT,69,54,2006,4.4,9.7,0.45799999999999996,0.7,2.2,0.32799999999999996,3.7,7.5,0.496,1.5,2.3,0.6559999999999999,1.9,2.9,4.8,4.7,2.8,0.3,2.4,3.9,11.1
Clifford Robinson,PF,26,POR,82,12,2575,8.8,18.7,0.473,0.3,1.1,0.247,8.6,17.6,0.48700000000000004,4.0,5.8,0.69,2.3,5.3,7.6,2.5,1.4,2.3,2.4,4.0,21.9
David Robinson*,C,27,SAS,82,82,3211,7.6,15.1,0.501,0.0,0.2,0.17600000000000002,7.5,14.9,0.506,6.3,8.6,0.732,2.6,8.2,10.7,3.4,1.4,3.0,2.7,2.7,21.5
Larry Robinson,SG,25,WSB,4,0,33,6.5,17.5,0.375,0.0,1.1,0.0,6.5,16.4,0.4,3.3,5.5,0.6,1.1,2.2,3.3,3.3,1.1,1.1,1.1,0.0,16.4
Rumeal Robinson,PG,26,NJN,80,28,1585,6.1,14.5,0.423,0.5,1.3,0.35700000000000004,5.7,13.2,0.43,2.5,4.4,0.574,1.1,2.5,3.6,7.3,2.2,0.3,3.2,3.8,15.3
Dennis Rodman*,PF,31,DET,62,55,2410,2.7,6.4,0.42700000000000005,0.2,1.1,0.205,2.5,5.3,0.47200000000000003,1.3,2.4,0.534,5.5,11.4,16.9,1.5,0.7,0.7,1.5,3.0,7.0
Tree Rollins,C,37,HOU,42,0,247,1.6,6.0,0.268,0.0,0.3,0.0,1.6,5.7,0.282,1.3,1.7,0.75,1.7,7.0,8.7,1.5,0.9,2.2,1.3,6.3,4.5
Sean Rooks,C,23,DAL,72,68,2087,6.3,12.9,0.493,0.0,0.0,0.0,6.3,12.9,0.494,4.0,6.7,0.602,3.4,5.9,9.2,1.6,0.7,1.4,2.8,3.5,16.7
Donald Royal,SF,26,ORL,77,0,1636,4.3,8.6,0.496,0.0,0.1,0.0,4.3,8.5,0.5,7.0,8.6,0.815,2.6,3.9,6.5,1.8,0.8,0.6,2.5,3.9,15.5
Delaney Rudd,PG,30,POR,15,1,95,2.7,13.6,0.19399999999999998,0.4,4.2,0.091,2.3,9.5,0.24,4.2,5.3,0.7859999999999999,1.5,1.9,3.4,6.4,0.4,0.0,4.2,2.7,9.9
Jeff Ruland,C,34,DET,11,0,55,3.3,7.2,0.455,0.0,0.0,0.0,3.3,7.2,0.455,1.3,2.6,0.5,5.9,5.9,11.8,1.3,1.3,0.0,3.9,10.5,7.9
John Salley,PF,28,MIA,51,34,1422,3.9,7.8,0.502,0.0,0.0,0.0,3.9,7.8,0.502,2.9,3.6,0.799,2.9,5.1,7.9,2.1,0.8,1.8,2.6,4.9,10.7
Jeff Sanders,PF,27,ATL,9,0,120,3.0,7.5,0.4,0.0,0.0,0.0,3.0,7.5,0.4,1.2,2.4,0.5,3.6,5.1,8.7,1.8,2.4,0.3,3.3,4.8,7.2
Mike Sanders,SF,32,CLE,53,51,1189,6.0,12.0,0.49700000000000005,0.0,0.1,0.25,5.9,11.9,0.5,1.8,2.4,0.7559999999999999,1.6,3.6,5.1,2.3,1.2,0.9,1.7,4.5,13.7
Danny Schayes,C,33,MIL,70,7,1124,3.4,8.4,0.39899999999999997,0.0,0.1,0.0,3.4,8.3,0.40399999999999997,3.6,4.4,0.818,2.3,5.7,8.0,2.5,1.2,1.2,2.1,4.7,10.3
Steve Scheffler,C,25,SEA,29,5,166,5.4,10.4,0.521,0.0,0.0,0.0,5.4,10.4,0.521,3.5,5.2,0.667,3.3,4.6,7.8,1.1,1.3,0.2,1.1,8.0,14.3
Dwayne Schintzius,C,24,NJN,5,0,35,2.1,7.2,0.28600000000000003,0.0,0.0,0.0,2.1,7.2,0.28600000000000003,3.1,3.1,1.0,2.1,6.2,8.2,2.1,2.1,2.1,0.0,4.1,7.2
Detlef Schrempf,PF,30,IND,82,60,3098,6.0,12.6,0.47600000000000003,0.1,0.6,0.154,5.9,12.0,0.493,6.1,7.6,0.804,2.4,6.6,9.1,5.7,0.9,0.3,2.8,3.5,18.2
Byron Scott,SG,31,LAL,58,53,1677,6.4,14.1,0.449,0.9,2.9,0.326,5.4,11.2,0.48100000000000004,3.3,3.9,0.848,0.6,2.3,2.9,3.4,1.2,0.3,1.5,2.1,17.0
Dennis Scott,SF,24,ORL,54,43,1759,6.7,15.6,0.431,2.2,5.5,0.40299999999999997,4.5,10.1,0.446,1.9,2.4,0.7859999999999999,0.8,3.0,3.8,2.8,1.2,0.4,2.1,2.7,17.6
Malik Sealy,SF,22,IND,58,2,672,7.3,17.1,0.426,0.4,1.7,0.226,6.9,15.4,0.44799999999999995,2.7,4.0,0.6890000000000001,3.2,2.8,6.0,2.5,1.9,0.4,3.1,4.0,17.7
Rony Seikaly,C,27,MIA,72,64,2456,6.1,12.7,0.48,0.0,0.1,0.125,6.1,12.6,0.484,5.8,7.9,0.735,3.8,8.6,12.4,1.5,0.6,1.2,3.0,3.8,18.1
Brad Sellers,PF,30,MIN,54,4,533,3.3,8.8,0.377,0.0,0.1,0.0,3.3,8.7,0.38,2.5,2.6,0.9490000000000001,1.8,3.8,5.6,3.1,0.4,0.7,1.8,2.7,9.1
Charles Shackleford,C,26,PHI,48,0,568,5.1,10.4,0.488,0.0,0.1,0.0,5.1,10.3,0.494,2.0,3.1,0.633,4.1,8.9,13.0,1.6,0.8,1.6,2.3,5.8,12.1
Brian Shaw,PG,26,MIA,68,45,1603,4.4,11.3,0.39299999999999996,1.0,2.9,0.331,3.5,8.3,0.415,1.4,1.8,0.782,1.6,4.2,5.8,5.3,1.1,0.4,2.2,3.7,11.2
Lionel Simmons,SF,24,SAC,69,68,2502,6.7,15.2,0.444,0.0,0.2,0.091,6.7,15.0,0.447,4.3,5.2,0.8190000000000001,2.2,4.9,7.1,4.5,1.4,0.5,2.8,2.8,17.8
Scott Skiles,PG,28,ORL,78,78,3086,4.9,10.4,0.467,0.9,2.7,0.34,3.9,7.7,0.512,3.4,3.8,0.892,0.6,2.8,3.4,8.6,1.0,0.0,3.1,2.8,14.0
Charles Smith,SF,27,NYK,81,68,2172,5.9,12.7,0.469,0.0,0.0,0.0,5.9,12.6,0.47,4.8,6.1,0.782,2.8,4.3,7.2,2.4,0.8,1.6,2.6,4.2,16.6
Chris Smith,SG,22,MIN,80,6,1266,3.6,8.2,0.433,0.1,0.4,0.14300000000000002,3.5,7.8,0.447,2.7,3.4,0.792,0.9,1.8,2.7,5.6,1.4,0.5,1.9,2.7,9.9
Doug Smith,PF,23,DAL,61,42,1524,6.8,15.7,0.434,0.0,0.1,0.0,6.8,15.6,0.43700000000000006,1.3,1.7,0.757,2.3,5.5,7.7,2.5,1.1,1.2,2.7,6.6,15.0
Kenny Smith,PG,27,HOU,82,82,2422,5.8,11.1,0.52,1.4,3.3,0.43799999999999994,4.3,7.8,0.5539999999999999,2.9,3.3,0.878,0.4,2.0,2.4,6.6,1.2,0.1,2.4,1.6,15.8
LaBradford Smith,SG,23,WSB,69,33,1546,6.1,13.3,0.45799999999999996,0.2,0.5,0.348,5.9,12.7,0.46299999999999997,2.5,3.0,0.858,0.6,1.9,2.5,4.3,1.4,0.2,2.4,4.1,14.9
Larry Smith,PF,35,SAS,66,13,833,1.6,3.8,0.43700000000000006,0.0,0.0,0.0,1.6,3.8,0.43700000000000006,0.4,1.0,0.409,4.5,7.1,11.6,1.2,1.0,0.7,1.7,5.7,3.7
Reggie Smith,C,22,POR,23,0,68,5.3,14.3,0.37,0.0,0.5,0.0,5.3,13.8,0.385,1.6,7.4,0.214,7.9,3.2,11.1,0.5,2.1,0.5,2.1,8.5,12.2
Steve Smith,SG,23,MIA,48,43,1610,6.2,13.8,0.451,1.2,3.0,0.402,5.1,10.9,0.46399999999999997,3.5,4.4,0.787,1.3,3.2,4.4,6.0,1.1,0.4,2.9,3.3,17.1
Tony Smith,SG,24,LAL,55,9,752,6.4,13.2,0.484,0.1,0.5,0.182,6.3,12.6,0.496,3.0,3.9,0.7559999999999999,2.2,2.0,4.2,3.0,2.4,0.3,1.9,3.4,15.8
Rik Smits,C,26,IND,81,81,2072,8.6,17.7,0.486,0.0,0.0,0.0,8.6,17.7,0.486,2.9,4.0,0.732,2.2,5.3,7.5,2.1,0.5,1.3,2.6,5.0,20.1
Andre Spencer,SF,28,TOT,20,1,422,6.2,13.9,0.44799999999999995,0.0,0.2,0.0,6.2,13.7,0.45299999999999996,3.5,4.6,0.759,3.2,3.7,6.9,2.0,1.5,0.6,2.2,5.5,16.0
Elmore Spencer,C,23,LAC,44,4,280,5.7,10.5,0.537,0.0,0.0,0.0,5.7,10.5,0.537,2.1,4.1,0.5,2.2,5.8,8.0,1.0,1.0,2.3,3.3,6.9,13.4
Felton Spencer,C,25,MIN,71,48,1296,2.9,6.3,0.465,0.0,0.0,0.0,2.9,6.3,0.465,2.3,3.5,0.654,3.7,5.3,9.0,0.5,0.6,1.8,1.9,6.8,8.1
Latrell Sprewell,SG,22,GSW,77,69,2741,5.9,12.7,0.46399999999999997,1.0,2.6,0.369,4.9,10.1,0.488,2.8,3.7,0.746,1.0,2.5,3.6,3.9,1.7,0.7,2.7,2.2,15.5
John Starks,SG,27,NYK,80,51,2477,7.5,17.4,0.428,1.6,4.9,0.321,5.9,12.5,0.469,3.8,4.8,0.795,0.8,2.2,3.0,5.9,1.3,0.2,2.5,3.4,20.3
Barry Stevens,SF,30,GSW,2,0,6,6.0,12.0,0.5,0.0,0.0,0.0,6.0,12.0,0.5,0.0,0.0,0.0,12.0,0.0,12.0,0.0,0.0,0.0,0.0,6.0,12.0
Larry Stewart,SF,24,WSB,81,8,1823,6.0,11.1,0.5429999999999999,0.0,0.0,0.0,6.0,11.1,0.544,3.6,5.0,0.727,3.0,4.5,7.6,2.9,0.9,0.6,3.0,3.8,15.7
Bryant Stith,SG,22,DEN,39,12,865,5.2,11.6,0.446,0.0,0.2,0.0,5.2,11.4,0.45299999999999996,4.1,5.0,0.8320000000000001,1.6,3.5,5.2,2.0,1.0,0.2,1.8,3.4,14.4
Alex Stivrins,PF-SF,30,TOT,19,0,76,9.0,18.5,0.48700000000000004,0.0,0.9,0.0,9.0,17.5,0.514,1.4,1.9,0.75,3.3,5.7,9.0,1.4,0.9,0.9,3.3,5.2,19.4
John Stockton*,PG,30,UTA,82,82,2863,5.5,11.3,0.486,0.9,2.4,0.385,4.6,9.0,0.513,3.7,4.6,0.7979999999999999,0.8,2.2,3.0,12.4,2.5,0.3,3.3,2.8,15.6
Rod Strickland,SG,26,POR,78,35,2474,5.8,11.9,0.485,0.1,0.4,0.133,5.7,11.4,0.499,4.0,5.5,0.7170000000000001,1.7,3.2,4.9,8.1,1.9,0.3,2.9,2.2,15.6
Derek Strong,PF,24,MIL,23,0,339,4.5,9.8,0.457,0.4,0.8,0.5,4.0,8.9,0.452,7.2,9.0,0.8,4.2,8.0,12.2,1.5,1.2,0.1,1.4,2.1,16.6
Lamont Strothers,SG,24,DAL,9,0,138,5.2,15.9,0.32799999999999996,0.5,3.4,0.154,4.7,12.5,0.375,2.1,2.6,0.8,2.1,1.6,3.7,3.4,2.1,0.0,3.9,3.4,13.0
Terry Teagle,SG,32,HOU,2,0,25,2.9,10.1,0.28600000000000003,0.0,0.0,0.0,2.9,10.1,0.28600000000000003,1.4,2.9,0.5,0.0,4.3,4.3,2.9,0.0,0.0,1.4,1.4,7.2
Isiah Thomas*,PG,31,DET,79,79,2922,6.5,15.5,0.418,0.8,2.4,0.308,5.7,13.1,0.439,3.4,4.6,0.737,0.9,2.0,2.9,8.3,1.5,0.2,3.5,2.7,17.1
LaSalle Thompson,C,31,IND,63,0,730,5.1,10.5,0.488,0.0,0.0,0.0,5.1,10.5,0.491,1.4,1.9,0.7440000000000001,2.7,6.1,8.8,1.7,1.4,1.2,2.3,6.8,11.7
Otis Thorpe,PF,30,HOU,72,69,2357,5.9,10.5,0.5579999999999999,0.0,0.0,0.0,5.9,10.5,0.56,2.3,3.9,0.598,3.3,5.7,9.0,2.8,0.7,0.3,2.3,3.6,14.1
Sedale Threatt,PG,31,LAL,82,82,2893,6.5,12.8,0.508,0.2,0.7,0.264,6.3,12.1,0.521,2.2,2.7,0.823,0.6,2.8,3.4,7.0,1.8,0.1,2.2,3.1,15.4
Wayman Tisdale,PF,28,SAC,76,75,2283,8.6,16.8,0.509,0.0,0.0,0.0,8.6,16.8,0.51,2.8,3.6,0.758,2.0,5.9,7.9,1.7,0.8,0.7,1.8,4.4,19.9
Tom Tolbert,PF,27,ORL,72,61,1838,4.4,8.9,0.498,0.2,0.5,0.321,4.3,8.3,0.509,2.4,3.3,0.726,2.6,5.5,8.1,1.8,0.6,0.4,2.4,3.8,11.4
Trent Tucker,SG,33,CHI,69,0,909,5.7,11.7,0.485,2.1,5.2,0.397,3.6,6.5,0.555,0.7,0.9,0.818,0.6,2.2,2.8,3.2,1.0,0.2,0.7,2.6,14.1
Jeff Turner,PF,30,ORL,75,20,1479,5.6,10.6,0.529,0.2,0.4,0.588,5.4,10.2,0.526,1.4,1.7,0.8,1.8,4.3,6.1,2.6,0.5,0.2,1.6,4.7,12.9
Kiki Vandeweghe,SF,34,LAC,41,3,494,6.7,14.8,0.45299999999999996,0.9,2.7,0.324,5.8,12.1,0.48200000000000004,4.2,4.8,0.879,0.9,2.6,3.5,1.8,0.9,0.5,1.5,3.3,18.5
Loy Vaught,PF,24,LAC,79,4,1653,6.8,13.4,0.508,0.0,0.1,0.25,6.8,13.3,0.51,2.5,3.4,0.748,3.6,7.1,10.7,1.2,1.2,0.8,1.8,3.7,16.2
Gundars Vētra,SF,25,MIN,13,0,89,7.7,16.2,0.475,1.2,1.2,1.0,6.5,15.0,0.43200000000000005,1.6,2.4,0.667,1.6,1.6,3.2,2.4,0.8,0.0,0.8,4.9,18.2
Darrell Walker,PG-SG,31,TOT,37,2,511,2.4,6.8,0.354,0.0,0.1,0.0,2.4,6.7,0.358,0.8,1.8,0.462,1.5,2.5,4.1,3.7,2.3,0.1,1.8,4.4,5.6
Duane Washington,SG,28,LAC,4,0,28,0.0,6.4,0.0,0.0,0.0,0.0,0.0,6.4,0.0,0.0,0.0,0.0,0.0,2.6,2.6,6.4,1.3,0.0,2.6,2.6,0.0
Clarence Weatherspoon,SF,22,PHI,82,82,2654,6.7,14.3,0.469,0.0,0.1,0.25,6.7,14.2,0.47,3.9,5.5,0.713,2.4,5.6,8.0,2.0,1.2,0.9,2.4,2.6,17.4
Marcus Webb,PF,22,BOS,9,0,51,9.2,17.6,0.52,0.0,0.7,0.0,9.2,16.9,0.542,9.2,14.8,0.619,3.5,3.5,7.1,1.4,0.7,1.4,3.5,7.8,27.5
Spud Webb,PG,29,SAC,69,68,2335,5.3,12.2,0.433,0.6,2.1,0.27399999999999997,4.7,10.1,0.466,4.3,5.1,0.851,0.7,2.3,3.0,7.4,1.6,0.1,3.0,2.7,15.4
Robert Werdann,C,22,DEN,28,0,149,4.3,14.3,0.305,0.0,0.2,0.0,4.3,14.0,0.31,4.1,7.5,0.5479999999999999,5.6,7.0,12.6,1.7,1.4,1.0,2.9,9.2,12.8
Doug West,SG,25,MIN,80,80,3104,7.5,14.5,0.517,0.0,0.3,0.087,7.5,14.2,0.525,2.9,3.4,0.841,1.0,1.8,2.9,2.7,1.0,0.2,1.9,3.2,17.9
Mark West,C,32,PHO,82,82,1558,4.0,6.6,0.614,0.0,0.0,0.0,4.0,6.6,0.614,2.0,3.8,0.518,3.5,7.0,10.6,0.7,0.4,2.4,2.1,5.6,10.1
Randy White,PF,25,DAL,64,20,1433,5.9,13.6,0.435,0.3,1.1,0.23800000000000002,5.7,12.5,0.452,3.5,4.6,0.75,3.9,5.4,9.3,1.2,1.6,1.1,2.7,5.7,15.5
Morlon Wiley,PG,26,TOT,58,15,995,3.5,9.2,0.37799999999999995,2.0,5.6,0.35100000000000003,1.5,3.6,0.42,0.6,0.9,0.654,1.0,2.2,3.3,6.5,2.4,0.1,2.9,4.6,9.5
Dominique Wilkins*,SF,33,ATL,71,70,2647,10.1,21.5,0.46799999999999997,1.6,4.3,0.38,8.4,17.2,0.49,7.1,8.5,0.828,2.5,4.0,6.6,3.1,1.0,0.4,2.5,1.6,28.8
Eddie Lee Wilkins,PF,30,PHI,26,0,192,10.3,18.2,0.5670000000000001,0.0,0.4,0.0,10.3,17.8,0.579,9.0,14.6,0.615,2.6,4.9,7.5,0.4,1.3,0.2,3.2,6.4,29.6
Gerald Wilkins,SF,29,CLE,80,35,2079,6.3,13.8,0.45299999999999996,0.3,1.0,0.276,6.0,12.8,0.467,2.6,3.1,0.84,1.3,2.4,3.7,3.2,1.4,0.3,1.6,2.7,15.4
Buck Williams,PF,32,POR,82,82,2498,3.9,7.6,0.511,0.0,0.0,0.0,3.9,7.6,0.512,2.0,3.1,0.645,3.3,6.6,9.9,1.1,1.2,0.9,1.5,3.9,9.8
Corey Williams,PG,22,CHI,35,0,242,4.6,12.6,0.365,0.1,0.4,0.33299999999999996,4.5,12.2,0.366,2.7,3.3,0.818,2.8,1.8,4.6,3.4,0.6,0.3,1.6,3.6,12.0
Herb Williams,C,34,NYK,55,0,571,4.5,11.0,0.41100000000000003,0.0,0.0,0.0,4.5,11.0,0.41100000000000003,0.9,1.3,0.667,2.8,6.4,9.2,1.2,1.3,1.8,1.4,4.9,10.0
Hot Rod Williams,C,30,CLE,67,13,2055,4.6,9.8,0.47,0.0,0.0,0.0,4.6,9.8,0.47,3.7,5.2,0.716,2.2,5.0,7.3,2.7,0.8,1.8,2.0,3.0,12.9
Jayson Williams,PF,24,NJN,12,2,139,5.4,11.9,0.457,0.0,0.0,0.0,5.4,11.9,0.457,1.8,4.7,0.389,5.7,4.9,10.6,0.0,1.0,1.0,2.1,6.2,12.7
John Williams,SF,26,LAC,74,8,1638,4.5,10.5,0.43,0.3,1.2,0.226,4.2,9.3,0.455,1.5,2.8,0.5429999999999999,1.9,5.0,6.9,3.1,1.8,0.5,1.7,4.1,10.8
Kenny Williams,SF,23,IND,57,0,844,6.4,12.0,0.532,0.0,0.1,0.0,6.4,11.9,0.5379999999999999,2.0,2.9,0.706,4.4,5.4,9.7,1.6,0.9,1.9,1.2,3.7,14.8
Lorenzo Williams,PF-C,23,TOT,27,7,179,3.4,7.2,0.47200000000000003,0.0,0.0,0.0,3.4,7.2,0.47200000000000003,0.4,1.4,0.28600000000000003,3.4,7.6,11.1,1.0,1.0,3.4,1.6,5.8,7.2
Micheal Williams,PG,26,MIN,76,76,2661,4.8,10.7,0.446,0.4,1.4,0.243,4.4,9.3,0.478,5.7,6.3,0.907,1.1,2.6,3.7,8.9,2.2,0.3,3.1,3.6,15.6
Reggie Williams,SF,28,DEN,79,79,2722,7.1,15.4,0.45799999999999996,0.4,1.6,0.27,6.6,13.8,0.48,3.1,3.9,0.804,1.7,3.9,5.7,3.9,1.7,1.0,2.6,3.8,17.7
Scott Williams,PF,24,CHI,71,5,1369,4.4,9.4,0.466,0.0,0.2,0.0,4.4,9.2,0.47600000000000003,2.4,3.3,0.7140000000000001,4.4,7.4,11.9,1.8,1.4,1.7,1.9,6.0,11.1
Walt Williams,SF,22,SAC,59,26,1673,7.7,17.7,0.435,1.3,4.1,0.319,6.4,13.6,0.47,4.8,6.5,0.742,2.5,3.2,5.7,3.8,1.4,0.6,3.9,4.5,21.5
Kevin Willis,PF,30,ATL,80,80,2878,7.7,15.2,0.506,0.1,0.4,0.24100000000000002,7.6,14.9,0.512,2.5,3.8,0.653,4.2,8.7,12.9,2.1,0.9,0.5,2.7,3.3,17.9
Kennard Winchester,SG,26,HOU,39,0,340,6.5,14.7,0.439,0.4,2.0,0.21100000000000002,6.0,12.7,0.475,1.8,2.3,0.773,1.8,3.4,5.2,1.4,1.1,1.1,1.6,4.2,15.1
David Wingate,SF,29,CHH,72,55,1471,4.4,8.2,0.536,0.0,0.1,0.16699999999999998,4.4,8.1,0.542,1.9,2.6,0.738,1.2,3.1,4.3,4.5,1.6,0.2,2.2,3.3,10.8
Joe Wolf,C,28,TOT,23,0,165,4.4,9.6,0.455,0.0,0.2,0.0,4.4,9.4,0.465,2.8,3.5,0.813,3.1,7.4,10.5,1.1,1.5,0.2,1.5,5.2,11.6
David Wood,PF,28,SAS,64,2,598,3.1,7.0,0.444,0.3,1.3,0.23800000000000002,2.8,5.8,0.49,2.8,3.3,0.836,2.3,3.6,5.8,2.0,0.8,0.7,1.7,5.6,9.3
Randy Woods,PG,22,LAC,41,1,174,4.8,13.7,0.348,0.6,2.9,0.214,4.1,10.8,0.385,3.9,5.4,0.731,1.2,1.7,2.9,8.3,2.9,0.2,3.3,5.4,14.1
Orlando Woolridge,SF,33,TOT,58,47,1555,6.7,13.9,0.48200000000000004,0.0,0.2,0.0,6.7,13.7,0.49,2.8,4.1,0.6779999999999999,2.0,2.3,4.3,2.7,0.6,0.6,1.8,2.8,16.2
James Worthy*,SF,31,LAL,82,69,2359,7.8,17.4,0.447,0.5,1.7,0.27,7.3,15.7,0.466,2.6,3.2,0.81,1.1,2.7,3.8,4.2,1.4,0.4,2.1,1.3,18.6
Howard Wright,PF,25,ORL,4,0,10,14.4,18.0,0.8,0.0,0.0,0.0,14.4,18.0,0.8,0.0,7.2,0.0,3.6,3.6,7.2,0.0,0.0,0.0,0.0,0.0,28.8
Danny Young,PG,30,DET,65,2,836,3.0,7.2,0.413,0.9,2.9,0.324,2.0,4.3,0.475,1.2,1.4,0.875,0.6,1.5,2.0,5.1,1.3,0.2,1.3,1.6,8.1
