Player,Pos,Age,Tm,G,GS,MP,FG,FGA,FG%,3P,3PA,3P%,2P,2PA,2P%,FT,FTA,FT%,ORB,DRB,TRB,AST,STL,BLK,TOV,PF,PTS,,ORtg,DRtg
Mahmoud Abdul-Rauf,PG,31,VAN,41,0,486,12.9,26.5,0.488,0.4,1.5,0.28600000000000003,12.5,25.0,0.5,2.4,3.1,0.759,0.5,2.2,2.7,8.2,1.0,0.1,2.8,5.4,28.7,0,104,111
Tariq Abdul-Wahad,SG,26,DEN,29,12,420,5.3,13.7,0.387,0.5,1.2,0.4,4.8,12.5,0.386,2.6,4.4,0.583,1.7,5.6,7.3,2.7,1.7,1.6,4.2,6.7,13.7,0,79,106
Shareef Abdur-Rahim,SF,24,VAN,81,81,3241,9.8,20.7,0.47200000000000003,0.2,1.0,0.188,9.6,19.6,0.48700000000000004,7.2,8.6,0.8340000000000001,2.8,9.0,11.9,4.0,1.5,1.2,3.7,3.8,26.9,0,106,104
Cory Alexander,PG,27,ORL,26,0,227,4.1,12.7,0.321,0.9,3.6,0.25,3.2,9.1,0.35,2.7,4.1,0.667,0.0,5.7,5.7,8.2,3.6,0.0,5.7,6.6,11.8,0,77,100
Courtney Alexander,PG,23,TOT,65,24,1382,8.9,21.4,0.41700000000000004,0.6,1.7,0.37,8.3,19.7,0.42100000000000004,4.6,5.6,0.82,1.6,3.8,5.3,2.3,1.7,0.2,2.8,5.2,23.1,0,96,109
Ray Allen*,SG,25,MIL,82,82,3129,10.5,21.8,0.48,3.4,7.8,0.433,7.1,14.0,0.506,5.8,6.5,0.888,1.7,5.4,7.1,6.2,2.1,0.3,3.4,3.2,30.1,0,119,106
Rafer Alston,PG,24,MIL,37,2,288,5.4,15.2,0.35700000000000004,1.4,5.4,0.267,4.0,9.8,0.40700000000000003,1.6,2.4,0.6920000000000001,0.7,4.9,5.6,12.3,2.4,0.0,3.6,4.9,13.9,0,98,106
John Amaechi,C,30,ORL,82,36,1710,7.1,17.8,0.4,0.0,0.2,0.0,7.1,17.6,0.405,5.3,8.4,0.631,2.3,5.8,8.1,2.2,0.8,0.9,3.7,5.3,19.6,0,89,105
Derek Anderson,SG,26,SAS,82,82,2859,7.7,18.6,0.41600000000000004,1.9,4.7,0.39899999999999997,5.8,13.9,0.42200000000000004,6.4,7.5,0.851,1.4,5.4,6.8,5.6,2.2,0.3,3.1,3.5,23.8,0,109,99
Kenny Anderson,PG,30,BOS,33,28,849,5.4,13.9,0.38799999999999996,0.7,2.0,0.33299999999999996,4.7,11.8,0.397,3.6,4.3,0.831,1.0,3.5,4.5,8.2,2.7,0.1,3.2,3.8,15.0,0,100,105
Nick Anderson,SG,33,SAC,21,0,169,4.2,17.2,0.24600000000000002,3.0,11.7,0.256,1.2,5.4,0.222,0.0,0.0,0.0,0.9,6.6,7.5,3.9,3.0,1.2,2.1,3.9,11.4,0,76,98
Shandon Anderson,SG,27,HOU,82,82,2396,5.8,13.1,0.446,1.0,3.8,0.271,4.8,9.3,0.517,3.1,4.2,0.7340000000000001,1.6,5.8,7.4,4.2,1.8,0.9,2.9,4.5,15.7,0,103,105
Greg Anthony,PG,33,POR,58,0,856,6.1,15.9,0.38299999999999995,4.1,10.0,0.409,2.0,5.9,0.34,1.4,2.2,0.657,1.3,2.5,3.8,5.2,2.5,0.2,2.7,4.0,17.7,0,105,104
Darrell Armstrong,PG,32,ORL,75,75,2767,7.7,18.7,0.41200000000000003,2.7,7.5,0.355,5.0,11.2,0.451,4.1,4.6,0.884,1.8,4.6,6.4,9.8,2.5,0.2,3.7,2.9,22.1,0,110,103
Chucky Atkins,PG,26,DET,81,75,2363,8.1,20.4,0.39899999999999997,2.6,7.3,0.35700000000000004,5.6,13.1,0.423,1.9,2.8,0.6920000000000001,0.6,3.1,3.7,7.1,1.4,0.1,3.2,3.9,20.8,0,99,106
Stacey Augmon,SG,32,POR,66,23,1182,5.8,12.1,0.47700000000000004,0.0,0.2,0.0,5.8,11.9,0.485,2.6,4.0,0.655,2.7,4.5,7.2,4.5,2.2,1.0,2.2,4.8,14.2,0,107,103
Isaac Austin,C,31,VAN,52,16,845,5.9,16.7,0.35600000000000004,0.4,1.5,0.25,5.6,15.2,0.366,1.7,2.5,0.7,3.1,10.7,13.8,3.6,1.2,1.4,3.3,5.8,14.0,0,81,103
William Avery,PG,21,MIN,55,0,463,6.2,16.3,0.382,1.8,6.7,0.271,4.4,9.6,0.45899999999999996,3.2,4.1,0.778,0.6,2.7,3.3,8.5,1.5,0.5,5.1,5.4,17.4,0,91,108
Dalibor Bagarić,C,20,CHI,35,0,259,3.5,13.5,0.262,0.0,0.2,0.0,3.5,13.3,0.266,2.7,5.8,0.46399999999999997,4.6,7.1,11.6,2.1,1.9,3.3,4.4,9.1,9.8,0,65,104
Vin Baker,PF,29,SEA,76,27,2129,8.5,20.2,0.42200000000000004,0.0,0.4,0.063,8.5,19.8,0.429,5.7,7.9,0.723,4.4,6.2,10.6,2.2,0.9,1.8,3.9,6.5,22.8,0,97,107
Erick Barkley,PG,22,POR,8,0,38,11.3,31.2,0.364,4.3,11.3,0.375,7.1,19.8,0.35700000000000004,0.0,0.0,0.0,0.0,4.3,4.3,8.5,2.8,0.0,7.1,2.8,26.9,0,82,103
Dana Barros,PG,33,DET,60,0,1079,8.6,19.3,0.444,2.1,4.9,0.419,6.5,14.4,0.45299999999999996,3.2,3.8,0.85,0.3,4.1,4.4,5.2,1.4,0.1,2.8,3.0,22.4,0,106,105
Brent Barry,SG,29,SEA,67,20,1778,5.8,11.8,0.494,3.2,6.8,0.47600000000000003,2.6,5.1,0.517,2.5,3.0,0.816,1.0,5.2,6.2,6.6,2.4,0.4,2.5,3.7,17.4,0,124,106
Jon Barry,SG,31,SAC,62,2,1010,5.2,12.8,0.40399999999999997,2.3,6.6,0.348,2.9,6.2,0.46299999999999997,3.2,3.7,0.877,0.8,3.9,4.7,6.5,1.4,0.3,2.7,3.3,15.9,0,110,104
Tony Battie,C,24,BOS,40,25,845,6.6,12.3,0.537,0.0,0.2,0.0,6.6,12.1,0.545,2.7,4.2,0.638,4.5,9.8,14.3,1.0,1.7,3.7,2.3,7.7,16.0,0,108,99
Raja Bell,SG,24,PHI,5,0,30,3.5,12.4,0.28600000000000003,1.8,5.3,0.33299999999999996,1.8,7.1,0.25,0.0,0.0,0.0,0.0,1.8,1.8,0.0,1.8,0.0,3.5,1.8,8.8,0,59,104
Jonathan Bender,SF,20,IND,59,7,574,6.2,17.4,0.355,1.0,3.8,0.268,5.1,13.6,0.379,4.7,6.4,0.735,1.3,5.6,6.9,3.0,0.7,2.6,3.9,6.8,18.1,0,85,104
Corey Benjamin,PG,22,CHI,65,5,857,7.2,18.9,0.381,1.3,5.1,0.259,5.9,13.9,0.425,3.5,5.2,0.675,2.4,3.9,6.3,4.3,1.8,1.0,4.0,8.0,19.3,0,88,109
David Benoit,SF,32,UTA,49,2,446,8.5,17.6,0.483,0.6,1.6,0.385,7.9,16.1,0.493,3.7,4.7,0.795,2.4,7.3,9.7,2.6,0.7,0.7,3.4,9.0,21.3,0,102,105
Travis Best,PG,28,IND,77,21,2457,7.6,17.2,0.44,0.8,2.1,0.381,6.8,15.1,0.449,4.1,4.9,0.8270000000000001,0.8,4.0,4.9,10.3,2.4,0.2,2.8,5.4,20.1,0,110,104
Mike Bibby,PG,22,VAN,82,82,3190,8.6,19.0,0.45399999999999996,1.8,4.7,0.379,6.8,14.3,0.478,2.3,3.1,0.7609999999999999,0.8,4.2,5.0,11.2,1.8,0.2,4.1,2.4,21.4,0,104,108
Chauncey Billups,SG,24,MIN,77,33,1790,7.2,17.1,0.42200000000000004,2.1,5.7,0.376,5.1,11.5,0.445,4.2,5.0,0.8420000000000001,0.9,3.7,4.6,7.6,1.5,0.3,3.2,5.2,20.8,0,107,107
Mookie Blaylock,PG,33,GSW,69,59,2352,6.9,17.4,0.396,1.6,4.9,0.324,5.3,12.5,0.424,1.1,1.6,0.6970000000000001,1.5,4.4,5.9,10.0,3.5,0.4,2.8,2.9,16.5,0,102,106
Corie Blount,PF,32,TOT,68,6,1305,5.1,11.5,0.442,0.1,0.3,0.25,5.0,11.2,0.44799999999999995,2.0,3.3,0.614,7.1,8.6,15.7,2.3,1.6,0.9,2.9,6.5,12.3,0,99,104
Mark Blount,C,25,BOS,64,50,1098,4.8,9.4,0.505,0.0,0.0,0.0,4.8,9.4,0.505,2.2,3.1,0.6970000000000001,4.6,6.3,10.9,1.5,1.8,3.6,2.9,8.6,11.7,0,101,101
Muggsy Bogues,PG,36,TOR,3,0,34,0.0,3.1,0.0,0.0,1.6,0.0,0.0,1.6,0.0,0.0,0.0,0.0,0.0,4.7,4.7,7.8,3.1,0.0,6.2,4.7,0.0,0,36,103
Etdrick Bohannon,PF,27,CLE,6,0,19,5.5,11.1,0.5,0.0,0.0,0.0,5.5,11.1,0.5,11.1,11.1,1.0,8.3,11.1,19.4,0.0,0.0,5.5,2.8,11.1,22.2,0,136,101
Calvin Booth,C,24,TOT,55,29,933,6.6,14.0,0.47600000000000003,0.0,0.0,0.0,6.6,14.0,0.47600000000000003,2.9,4.3,0.679,4.3,9.4,13.6,2.3,1.6,6.2,2.9,8.1,16.2,0,101,99
Cal Bowdler,SF,23,ATL,44,0,375,7.4,15.9,0.465,0.1,0.7,0.2,7.2,15.2,0.47700000000000004,4.6,5.6,0.825,4.2,6.5,10.7,0.6,1.4,2.9,1.5,6.3,19.5,0,112,103
Bruce Bowen,SF,29,MIA,82,72,2685,4.3,11.9,0.363,2.1,6.3,0.336,2.2,5.6,0.39399999999999996,2.0,3.3,0.609,0.9,4.1,5.0,2.7,1.7,1.1,1.5,5.5,12.8,0,97,100
Ryan Bowen,SF,25,DEN,57,0,696,6.0,10.7,0.556,0.3,0.8,0.364,5.7,9.9,0.5710000000000001,2.0,3.3,0.614,4.6,3.8,8.4,2.2,2.8,0.9,1.8,7.1,14.2,0,117,106
Ira Bowman,PG,27,ATL,3,0,19,0.0,5.5,0.0,0.0,0.0,0.0,0.0,5.5,0.0,0.0,0.0,0.0,2.7,2.7,5.5,19.2,0.0,0.0,2.7,0.0,0.0,0,89,112
Earl Boykins,PG,24,LAC,10,0,149,9.0,22.6,0.397,0.4,2.9,0.125,8.6,19.8,0.436,5.0,6.1,0.8240000000000001,1.4,2.5,4.0,11.5,1.8,0.0,3.2,3.2,23.4,0,104,108
Shawn Bradley,C,28,DAL,82,35,2001,5.6,11.5,0.49,0.0,0.2,0.16699999999999998,5.6,11.3,0.494,3.6,4.6,0.787,4.1,11.5,15.6,1.0,0.9,5.9,2.3,6.6,14.9,0,109,96
Elton Brand,PF,21,CHI,74,74,2906,10.7,22.5,0.47600000000000003,0.0,0.0,0.0,10.7,22.4,0.47700000000000004,6.2,8.7,0.708,5.3,8.5,13.8,4.4,1.3,2.2,4.0,4.5,27.6,0,103,106
Terrell Brandon,PG,30,MIN,78,78,2821,9.5,21.0,0.451,0.6,1.7,0.363,8.9,19.3,0.45799999999999996,3.6,4.2,0.871,1.1,4.4,5.5,10.8,3.0,0.4,2.9,2.6,23.2,0,109,104
Chucky Brown,SF,32,TOT,26,2,339,6.2,14.6,0.42100000000000004,0.0,0.5,0.0,6.2,14.2,0.435,3.4,5.2,0.647,1.2,7.1,8.3,1.7,1.4,1.1,1.2,5.7,15.7,0,99,106
Dee Brown,PG,32,ORL,7,0,155,5.3,14.6,0.364,4.0,10.6,0.375,1.3,4.0,0.33299999999999996,1.3,1.7,0.8,0.0,3.7,3.7,4.0,1.3,0.0,2.3,3.3,16.0,0,102,106
P.J. Brown,C,31,CHH,80,79,2811,4.8,10.7,0.444,0.0,0.1,0.0,4.8,10.6,0.447,3.4,4.0,0.852,4.9,9.3,14.2,2.4,1.5,1.8,2.1,5.0,12.9,0,109,98
Randy Brown,PG,32,BOS,54,35,1238,4.2,9.9,0.42200000000000004,0.0,0.1,0.0,4.2,9.8,0.42700000000000005,1.0,1.7,0.575,1.0,3.2,4.1,6.4,2.6,0.4,2.3,5.5,9.3,0,94,105
Rick Brunson,PG,28,TOT,22,0,208,4.6,13.7,0.33299999999999996,0.5,3.6,0.14300000000000002,4.1,10.2,0.4,2.0,3.8,0.5329999999999999,1.3,4.1,5.3,7.9,2.0,0.3,4.3,5.3,11.7,0,80,104
Kobe Bryant,SG,22,LAL,68,68,2783,13.2,28.4,0.46399999999999997,1.1,3.8,0.305,12.0,24.6,0.489,8.9,10.5,0.853,2.0,5.5,7.5,6.4,2.1,0.8,4.1,4.2,36.4,0,112,105
Mark Bryant,PF,35,DAL,18,1,101,4.1,10.2,0.4,0.0,0.0,0.0,4.1,10.2,0.4,1.5,2.5,0.6,2.0,8.7,10.7,1.5,0.5,1.0,2.5,14.8,9.7,0,83,103
Greg Buckner,SG,24,DAL,37,9,820,5.3,12.1,0.43799999999999994,0.1,0.4,0.28600000000000003,5.1,11.6,0.44299999999999995,3.7,5.1,0.728,3.8,6.1,9.9,3.1,2.1,0.6,1.7,7.4,14.4,0,110,103
Jud Buechler,SF,32,DET,57,3,737,5.2,11.3,0.46299999999999997,2.2,5.3,0.41600000000000004,3.0,6.0,0.506,0.6,0.8,0.75,1.4,5.1,6.5,2.7,1.4,0.7,1.7,5.7,13.3,0,110,104
Rodney Buford,SF,23,PHI,47,0,573,9.6,22.3,0.43200000000000005,1.5,3.5,0.42100000000000004,8.1,18.8,0.433,2.2,2.7,0.828,1.5,5.4,6.8,1.6,1.6,0.6,2.7,6.3,22.9,0,96,101
Matt Bullard,PF,33,HOU,61,5,1000,6.8,16.2,0.423,4.6,11.3,0.40399999999999997,2.3,4.9,0.467,0.5,0.7,0.7140000000000001,1.2,5.7,6.9,2.2,0.5,0.5,0.6,4.0,18.8,0,120,108
Scott Burrell,SF,30,CHH,4,0,41,9.2,19.6,0.467,2.6,7.9,0.33299999999999996,6.5,11.8,0.556,1.3,5.2,0.25,1.3,2.6,3.9,1.3,3.9,0.0,0.0,10.5,22.3,0,107,99
Jason Caffey,PF,27,MIL,70,33,1460,6.4,13.1,0.488,0.0,0.0,0.0,6.4,13.1,0.488,5.1,7.5,0.6729999999999999,4.8,7.8,12.6,1.9,1.4,0.9,2.7,6.6,17.8,0,109,105
Marcus Camby,C,26,NYK,63,63,2127,7.9,15.1,0.524,0.0,0.2,0.125,7.9,14.9,0.53,3.9,5.9,0.667,5.1,13.7,18.8,1.4,1.7,3.5,1.6,5.3,19.8,0,116,91
Elden Campbell,PF,32,CHH,78,78,2337,8.4,19.2,0.44,0.0,0.1,0.0,8.4,19.0,0.44299999999999995,6.6,9.3,0.7090000000000001,3.6,10.4,14.0,2.4,1.4,3.2,3.3,6.4,23.5,0,101,96
Brian Cardinal,PF,23,DET,15,0,126,4.0,12.5,0.32299999999999995,0.0,2.0,0.0,4.0,10.5,0.385,4.4,7.2,0.611,3.2,6.0,9.2,1.2,2.8,0.8,3.6,10.9,12.5,0,79,100
Chris Carr,SG,26,BOS,35,0,309,8.9,18.8,0.473,2.9,6.2,0.45899999999999996,6.0,12.6,0.48,7.7,10.1,0.767,1.8,5.5,7.4,1.8,0.7,0.5,3.2,7.6,28.4,0,113,107
Anthony Carter,PG,25,MIA,72,6,1630,6.6,16.2,0.406,0.2,1.4,0.15,6.4,14.9,0.43,2.2,3.5,0.631,1.6,4.5,6.1,9.1,2.5,0.3,4.0,5.2,15.6,0,91,99
Vince Carter,SF,24,TOR,75,75,2979,13.5,29.3,0.46,2.9,7.0,0.408,10.6,22.3,0.47700000000000004,6.8,8.9,0.765,3.1,4.3,7.4,5.2,2.0,1.5,3.0,3.6,36.7,0,114,104
Sam Cassell,PG,31,MIL,76,75,2709,10.3,21.8,0.474,0.6,1.9,0.306,9.7,19.9,0.49,5.3,6.2,0.858,0.9,4.7,5.6,11.2,1.7,0.2,4.2,4.1,26.6,0,111,107
Kelvin Cato,C,26,HOU,35,13,624,5.4,9.4,0.5770000000000001,0.0,0.0,0.0,5.4,9.4,0.5770000000000001,3.1,4.9,0.649,4.0,8.0,12.0,0.9,1.1,2.6,2.1,7.6,14.0,0,115,103
Duane Causwell,C,32,MIA,31,14,384,4.6,12.2,0.376,0.0,0.0,0.0,4.6,12.2,0.376,1.7,3.6,0.48,3.3,8.6,11.9,0.7,1.1,2.6,3.3,9.6,10.9,0,76,97
Cedric Ceballos,SF,31,TOT,40,0,559,9.7,22.0,0.441,2.1,7.0,0.301,7.6,15.0,0.506,3.6,4.1,0.86,3.3,6.9,10.2,1.9,1.5,0.7,3.1,5.9,25.1,0,102,100
Calbert Cheaney,SG,29,DEN,9,5,153,3.4,10.2,0.33299999999999996,0.0,0.0,0.0,3.4,10.2,0.33299999999999996,0.3,0.7,0.5,1.7,5.1,6.8,3.0,1.4,0.7,1.7,4.7,7.1,0,79,109
Chris Childs,PG,33,TOT,77,5,1859,4.0,9.8,0.40299999999999997,0.9,3.1,0.302,3.0,6.7,0.45,1.8,2.1,0.845,0.7,5.2,5.9,10.4,1.7,0.4,4.6,7.1,10.6,0,94,101
Doug Christie,SG,30,SAC,81,81,2939,5.4,13.6,0.395,1.6,4.3,0.376,3.8,9.3,0.40299999999999997,4.8,5.4,0.897,1.6,4.5,6.1,5.0,3.2,0.8,2.7,3.9,17.2,0,109,99
Keon Clark,PF,25,TOT,81,3,1720,7.6,15.8,0.48,0.0,0.0,0.0,7.6,15.8,0.48100000000000004,4.3,7.3,0.5920000000000001,4.1,9.1,13.2,2.2,1.0,4.7,2.7,7.4,19.5,0,102,101
Mateen Cleaves,PG,23,DET,78,8,1268,6.4,16.0,0.4,0.2,0.7,0.294,6.2,15.3,0.405,3.9,5.5,0.708,1.0,4.2,5.3,8.3,2.0,0.0,5.6,6.1,16.9,0,87,104
John Coker,C,29,GSW,6,0,32,1.6,12.8,0.125,0.0,0.0,0.0,1.6,12.8,0.125,0.0,0.0,0.0,4.8,3.2,8.0,3.2,1.6,0.0,3.2,6.4,3.2,0,47,111
Derrick Coleman,PF,33,CHH,34,3,683,7.6,20.0,0.38,1.6,4.0,0.392,6.1,16.0,0.377,5.0,7.2,0.685,3.6,10.8,14.5,3.1,0.8,1.7,3.3,4.2,21.8,0,96,99
Bimbo Coles,PG,32,CLE,47,0,804,6.0,15.6,0.381,0.1,1.0,0.125,5.8,14.6,0.39899999999999997,3.1,3.7,0.857,0.6,2.6,3.1,9.0,1.8,0.4,3.9,5.7,15.2,0,92,108
Jason Collier,C,23,HOU,23,0,222,6.5,17.0,0.38,0.0,0.2,0.0,6.5,16.7,0.386,4.1,5.7,0.708,2.9,6.0,8.8,1.4,0.5,0.7,2.6,6.5,17.0,0,90,107
Sean Colson,PG,25,TOT,13,0,44,7.2,28.8,0.25,1.2,6.0,0.2,6.0,22.8,0.263,2.4,4.8,0.5,2.4,4.8,7.2,12.0,1.2,0.0,2.4,7.2,18.0,0,80,107
Tyrone Corbin,SF,38,TOR,15,1,117,4.1,17.1,0.237,0.0,2.3,0.0,4.1,14.9,0.273,0.9,1.8,0.5,1.4,4.5,5.9,1.8,0.9,0.0,1.4,8.1,9.0,0,62,108
Chris Crawford,PF,25,ATL,47,22,901,7.1,15.6,0.452,0.3,1.3,0.273,6.7,14.4,0.46799999999999997,3.9,4.8,0.8190000000000001,1.6,4.8,6.4,2.1,1.2,0.9,3.6,6.8,18.4,0,96,107
Jamal Crawford,PG,20,CHI,61,8,1050,5.5,15.6,0.35200000000000004,2.1,6.0,0.35,3.4,9.6,0.353,1.4,1.7,0.794,0.5,4.1,4.6,7.2,2.2,0.7,4.4,3.5,14.4,0,84,108
Austin Croshere,PF,25,IND,81,23,1874,7.9,20.1,0.39399999999999996,2.0,5.9,0.33799999999999997,5.9,14.2,0.41700000000000004,5.7,6.6,0.866,3.5,7.6,11.1,2.6,1.0,1.4,3.9,5.2,23.6,0,99,103
John Crotty,PG,31,UTA,31,0,264,4.5,13.2,0.33799999999999997,0.8,1.4,0.5710000000000001,3.6,11.7,0.31,3.4,3.8,0.895,2.6,3.0,5.7,6.9,1.2,0.0,3.8,6.5,13.2,0,94,107
Vonteego Cummings,PG,24,GSW,66,11,1495,6.1,17.6,0.344,1.6,4.9,0.336,4.4,12.8,0.348,2.7,4.0,0.6809999999999999,1.6,3.1,4.7,7.7,2.3,0.5,3.1,5.5,16.5,0,94,109
Bill Curley,PF,28,TOT,20,2,192,6.6,12.5,0.532,0.3,0.5,0.5,6.4,12.0,0.5329999999999999,3.2,5.1,0.632,5.6,4.3,9.8,0.8,1.9,2.4,4.3,12.0,16.7,0,97,107
Dell Curry,SG,36,TOR,71,1,956,8.9,21.1,0.424,3.4,8.0,0.428,5.5,13.1,0.42200000000000004,2.4,2.8,0.843,0.9,3.8,4.7,4.1,1.5,0.4,2.2,3.6,23.7,0,108,107
Michael Curry,SG,32,DET,68,58,1485,4.9,10.9,0.455,0.1,0.3,0.444,4.8,10.6,0.455,2.1,2.5,0.8490000000000001,0.7,3.4,4.1,4.5,0.9,0.1,2.1,5.9,12.1,0,102,107
Erick Dampier,C,25,GSW,43,26,1038,6.2,15.4,0.401,0.0,0.1,0.0,6.2,15.3,0.40399999999999997,3.3,6.2,0.532,4.8,7.5,12.3,2.9,0.8,2.9,4.0,6.0,15.7,0,86,107
Antonio Daniels,PG,25,SAS,79,23,2060,7.2,15.3,0.46799999999999997,1.9,4.8,0.40399999999999997,5.2,10.5,0.496,3.1,4.1,0.7759999999999999,0.7,3.6,4.2,7.9,1.6,0.4,2.8,3.1,19.4,0,113,102
Kornél Dávid,SF,29,TOT,27,0,209,6.2,12.7,0.49,0.0,0.0,0.0,6.2,12.7,0.49,3.0,3.2,0.9229999999999999,3.7,9.2,13.0,1.7,1.5,1.0,2.7,7.0,15.4,0,105,102
Antonio Davis,C,32,TOR,78,77,2729,7.3,16.7,0.433,0.0,0.0,0.0,7.3,16.7,0.434,6.2,8.2,0.754,5.3,9.9,15.2,2.1,0.4,2.9,2.6,4.4,20.7,0,107,102
Baron Davis,PG,21,CHH,82,82,3192,6.9,16.1,0.42700000000000005,1.4,4.6,0.31,5.4,11.5,0.474,3.8,5.7,0.677,2.2,4.7,6.9,10.1,2.9,0.6,3.8,4.5,19.0,0,105,100
Dale Davis,C,31,POR,81,43,2162,6.0,12.1,0.49700000000000005,0.0,0.1,0.0,6.0,12.0,0.501,2.4,3.8,0.632,5.8,9.3,15.1,2.6,1.1,1.9,1.7,5.0,14.4,0,115,101
Emanual Davis,SG,32,SEA,62,39,1290,5.4,12.9,0.418,2.0,5.2,0.39399999999999996,3.4,7.8,0.435,1.8,2.2,0.818,1.1,5.1,6.3,5.6,2.6,0.5,3.1,4.1,14.7,0,102,105
Hubert Davis,PG,30,TOT,66,18,1692,6.0,13.2,0.45299999999999996,2.4,5.2,0.456,3.6,8.0,0.45,1.6,1.9,0.871,0.9,3.4,4.2,3.4,1.1,0.0,2.5,3.7,16.0,0,106,109
Ricky Davis,SG,21,MIA,7,0,70,9.5,22.8,0.414,0.8,0.8,1.0,8.7,22.1,0.39299999999999996,5.5,6.3,0.875,0.8,4.7,5.5,8.7,3.9,1.6,3.9,5.5,25.2,0,100,95
Terry Davis,PF,33,DEN,19,1,228,2.7,5.7,0.48,0.0,0.0,0.0,2.7,5.7,0.48,2.0,5.0,0.409,5.5,6.6,12.0,1.6,0.2,0.2,1.1,7.7,7.5,0,111,110
Todd Day,SG,31,MIN,31,0,345,6.7,17.9,0.373,3.9,10.5,0.377,2.7,7.4,0.36700000000000005,2.7,3.5,0.7829999999999999,1.5,4.1,5.6,4.2,1.5,1.1,3.6,7.9,20.0,0,98,106
Andrew DeClercq,C,27,ORL,67,51,903,6.1,11.0,0.5539999999999999,0.0,0.0,0.0,6.1,11.0,0.5539999999999999,2.7,4.7,0.573,5.2,8.3,13.5,1.8,2.3,1.9,2.9,11.3,14.9,0,107,98
Vinny Del Negro,PG,34,TOT,65,1,922,5.9,13.0,0.45299999999999996,0.1,0.7,0.077,5.8,12.3,0.475,2.3,2.4,0.932,0.7,3.9,4.6,7.0,1.4,0.2,1.9,4.3,14.1,0,107,106
Tony Delk,SG,27,PHO,82,11,2288,8.6,20.8,0.415,1.2,3.8,0.321,7.4,17.0,0.436,4.2,5.3,0.787,1.7,4.2,5.9,3.6,1.7,0.4,2.3,3.9,22.6,0,100,101
Derrick Dial,SG,25,SAS,33,0,207,9.3,21.5,0.434,0.5,2.6,0.2,8.8,18.9,0.466,3.1,5.4,0.5710000000000001,3.1,6.7,9.8,5.4,1.0,1.6,3.1,5.7,22.3,0,97,99
Michael Dickerson,SG,25,VAN,70,69,2618,8.5,20.4,0.41700000000000004,1.7,4.6,0.374,6.8,15.8,0.429,4.1,5.4,0.763,1.4,3.2,4.6,4.7,1.2,0.5,3.2,4.1,22.8,0,98,109
Vlade Divac*,C,32,SAC,81,81,2420,7.6,15.9,0.48200000000000004,0.1,0.3,0.28600000000000003,7.6,15.6,0.486,5.1,7.4,0.691,4.3,9.8,14.1,4.9,1.8,2.0,4.0,5.1,20.5,0,105,97
Michael Doleac,C,23,ORL,77,21,1398,8.1,19.4,0.41700000000000004,0.0,0.1,0.0,8.1,19.3,0.42,1.8,2.2,0.847,2.6,7.5,10.1,2.4,1.4,1.5,2.2,8.8,18.1,0,93,102
Keyon Dooling,PG,20,LAC,76,1,1237,6.4,15.7,0.409,1.2,3.5,0.35,5.2,12.2,0.426,5.4,7.7,0.698,0.3,3.5,3.9,7.7,1.8,0.5,4.1,4.6,19.4,0,100,107
Sherman Douglas,PG,34,NJN,59,7,1094,5.8,14.5,0.40299999999999997,0.4,1.9,0.2,5.4,12.6,0.433,4.1,5.5,0.748,1.0,2.5,3.5,6.9,1.7,0.2,3.8,4.4,16.1,0,94,109
Bryce Drew,PG,26,CHI,48,41,1305,5.1,13.5,0.379,1.6,4.3,0.381,3.5,9.1,0.37799999999999995,0.6,0.8,0.737,0.5,2.3,2.8,7.6,1.3,0.1,2.8,4.1,12.4,0,92,112
Chris Dudley,C,35,PHO,53,33,613,2.4,6.1,0.397,0.0,0.0,0.0,2.4,6.1,0.397,1.2,3.0,0.389,5.4,10.0,15.4,1.5,1.2,2.4,2.2,9.3,6.1,0,90,96
Tim Duncan,PF,24,SAS,82,82,3174,11.9,23.7,0.499,0.1,0.5,0.259,11.7,23.3,0.504,6.9,11.2,0.618,4.4,12.5,16.8,4.1,1.2,3.2,4.1,4.2,30.7,0,106,94
Tyus Edney,PG,27,IND,24,0,263,7.1,18.6,0.385,0.2,1.2,0.16699999999999998,6.9,17.4,0.4,7.1,8.0,0.897,1.0,3.9,4.9,11.0,3.5,0.0,5.1,3.5,21.6,0,99,102
Kevin Edwards,SG,35,VAN,46,5,634,4.6,14.0,0.32899999999999996,0.4,1.6,0.263,4.2,12.5,0.33799999999999997,3.6,4.4,0.8109999999999999,1.9,4.9,6.8,4.3,2.4,0.7,3.1,3.8,13.2,0,86,106
Howard Eisley,SG,28,DAL,82,40,2426,5.6,14.3,0.39299999999999996,2.3,5.7,0.39799999999999996,3.4,8.6,0.389,2.2,2.7,0.825,0.5,3.7,4.2,6.3,2.1,0.3,2.2,4.6,15.7,0,105,105
Obinna Ekezie,PF,25,TOT,33,0,281,5.9,14.9,0.395,0.0,0.0,0.0,5.9,14.9,0.395,6.8,9.8,0.698,5.7,8.7,14.4,1.7,0.9,0.9,2.6,8.8,18.6,0,103,108
Khalid El-Amin,PG,21,CHI,50,14,936,6.6,17.9,0.37,1.6,4.8,0.33299999999999996,5.0,13.0,0.38299999999999995,3.2,4.1,0.778,1.2,3.4,4.7,8.3,2.8,0.1,3.1,5.7,18.0,0,97,108
Mario Elie,SG,37,PHO,68,67,1506,3.6,8.4,0.423,1.2,3.4,0.36,2.3,5.0,0.466,1.9,2.4,0.797,1.3,4.0,5.3,4.5,2.0,0.4,2.1,3.8,10.2,0,105,101
Sean Elliott,SF,32,SAS,52,34,1229,6.4,14.8,0.434,2.4,5.6,0.426,4.0,9.2,0.43799999999999994,2.6,3.7,0.7140000000000001,0.7,6.7,7.4,3.5,1.0,1.1,2.2,3.5,17.8,0,106,100
LaPhonso Ellis,PF,30,MIN,82,5,1948,8.0,17.2,0.46399999999999997,0.2,0.6,0.318,7.8,16.6,0.469,4.5,5.7,0.79,5.3,7.9,13.3,2.5,1.8,2.0,2.9,7.8,20.7,0,107,102
Pervis Ellison,C,33,SEA,9,0,40,2.6,9.2,0.28600000000000003,0.0,0.0,0.0,2.6,9.2,0.28600000000000003,2.6,2.6,1.0,2.6,13.1,15.7,3.9,0.0,2.6,3.9,17.0,7.9,0,78,102
Evan Eschmeyer,C,25,NJN,74,51,1331,3.6,7.9,0.46,0.0,0.0,0.0,3.6,7.9,0.46,2.6,4.0,0.657,5.3,9.1,14.4,1.6,1.6,2.3,2.1,8.6,9.9,0,106,103
Patrick Ewing*,C,38,SEA,79,79,2107,7.3,17.0,0.43,0.0,0.0,0.0,7.3,17.0,0.431,4.3,6.2,0.685,3.1,11.5,14.6,2.3,1.3,2.3,3.8,5.7,18.9,0,93,102
Jamie Feick,C,26,NJN,6,0,149,2.8,8.1,0.348,0.0,0.0,0.0,2.8,8.1,0.348,2.1,4.2,0.5,4.2,15.4,19.6,1.8,2.8,1.1,2.5,5.3,7.7,0,84,97
Danny Ferry,SF,34,SAS,80,29,1688,5.7,11.9,0.475,2.2,5.0,0.449,3.4,7.0,0.493,0.7,1.0,0.733,1.7,5.3,7.1,2.3,0.9,0.7,1.6,5.4,14.2,0,112,102
Michael Finley,SF,27,DAL,82,82,3443,10.6,23.2,0.45799999999999996,1.4,3.9,0.34600000000000003,9.3,19.3,0.48100000000000004,3.8,4.9,0.775,1.6,4.7,6.4,5.4,1.8,0.5,2.8,2.6,26.4,0,105,105
Derek Fisher,PG,26,LAL,20,20,709,5.7,13.8,0.41200000000000003,1.8,4.6,0.397,3.8,9.2,0.419,3.7,4.6,0.8059999999999999,0.4,4.0,4.4,6.4,2.9,0.1,2.1,3.7,16.9,0,113,105
Marcus Fizer,PF,22,CHI,72,13,1580,9.5,22.0,0.43,0.3,1.3,0.256,9.1,20.6,0.442,4.0,5.5,0.727,2.6,8.1,10.6,2.6,1.0,0.6,4.2,6.0,23.2,0,89,108
Danny Fortson,PF,24,GSW,6,6,203,7.3,12.6,0.58,0.0,0.0,0.0,7.3,12.6,0.58,10.6,13.6,0.778,7.3,17.3,24.6,1.3,0.5,0.0,2.5,5.5,25.1,0,134,104
Greg Foster,C,32,LAL,62,8,451,6.5,15.4,0.42100000000000004,0.3,1.0,0.33299999999999996,6.1,14.4,0.42700000000000005,1.2,1.6,0.7140000000000001,3.4,9.6,13.0,3.7,1.0,1.4,2.9,8.8,14.5,0,94,104
Jeff Foster,C,24,IND,71,9,1152,4.7,9.9,0.469,0.1,0.3,0.28600000000000003,4.6,9.6,0.47600000000000003,2.2,4.2,0.516,6.7,11.4,18.1,1.5,1.8,1.3,2.4,7.1,11.6,0,103,98
Rick Fox,SF,31,LAL,82,77,2291,6.6,14.8,0.444,2.7,6.9,0.39299999999999996,3.9,7.9,0.488,2.2,2.8,0.779,1.8,5.6,7.4,6.0,1.6,0.7,3.1,5.1,18.0,0,110,106
Adonal Foyle,C,25,GSW,58,37,1457,5.5,13.1,0.41600000000000004,0.0,0.0,0.0,5.5,13.1,0.41600000000000004,1.1,2.4,0.441,5.5,8.7,14.2,1.7,1.1,5.5,2.8,4.8,12.0,0,89,103
Steve Francis,PG,23,HOU,80,79,3194,9.1,20.3,0.451,2.2,5.6,0.396,6.9,14.7,0.47200000000000003,6.0,7.3,0.8170000000000001,3.2,6.0,9.2,8.6,2.3,0.5,4.4,4.6,26.4,0,113,104
Todd Fuller,C,26,MIA,10,0,77,7.2,25.1,0.28600000000000003,0.0,0.0,0.0,7.2,25.1,0.28600000000000003,5.7,5.7,1.0,5.0,7.9,12.9,0.7,2.1,1.4,2.1,7.2,20.0,0,83,96
Lawrence Funderburke,PF,30,SAC,59,2,698,8.7,17.6,0.496,0.0,0.0,0.0,8.7,17.6,0.496,3.5,5.6,0.623,5.4,8.9,14.3,1.2,0.7,0.9,2.3,3.2,21.0,0,107,101
Rubén Garcés,PF,27,TOT,13,0,73,4.9,15.5,0.318,0.0,0.0,0.0,4.9,15.5,0.318,1.4,5.6,0.25,11.3,9.2,20.4,3.5,2.1,1.4,3.5,9.9,11.3,0,82,97
Chris Garner,PG,25,GSW,8,0,149,2.4,12.7,0.18899999999999997,0.0,2.4,0.0,2.4,10.3,0.233,1.7,2.1,0.833,0.7,3.4,4.1,6.2,2.4,0.3,3.1,6.2,6.5,0,62,109
Kevin Garnett,PF,24,MIN,81,81,3202,11.5,24.1,0.47700000000000004,0.3,1.1,0.28800000000000003,11.2,23.0,0.486,5.8,7.6,0.764,3.6,11.5,15.0,6.5,1.8,2.4,3.8,3.3,29.1,0,108,99
Dean Garrett,C,34,MIN,70,21,831,4.7,9.8,0.48100000000000004,0.0,0.0,0.0,4.7,9.8,0.48100000000000004,1.7,2.5,0.6920000000000001,4.1,9.6,13.6,1.5,1.6,3.1,1.6,5.8,11.1,0,107,100
Pat Garrity,SF,24,ORL,76,1,1579,7.3,18.8,0.387,3.2,7.3,0.433,4.1,11.5,0.358,2.8,3.2,0.867,1.7,5.2,6.9,1.7,1.3,0.5,2.2,7.9,20.5,0,101,104
Chris Gatling,PF,33,CLE,74,6,1670,10.4,23.1,0.449,0.9,2.9,0.304,9.5,20.2,0.47,4.9,7.2,0.684,3.1,9.2,12.3,1.9,1.6,0.9,3.8,5.8,26.5,0,98,104
Matt Geiger,C,31,PHI,35,4,542,8.6,21.9,0.39299999999999996,0.0,0.2,0.0,8.6,21.7,0.396,3.6,5.3,0.685,4.9,8.7,13.6,1.4,1.2,0.8,2.4,7.1,20.8,0,94,99
Devean George,SF,23,LAL,59,1,593,5.6,18.3,0.309,1.3,6.0,0.221,4.3,12.3,0.353,3.4,4.9,0.7090000000000001,3.1,6.6,9.7,1.7,1.3,1.3,3.0,7.7,16.1,0,85,105
Eddie Gill,PG,22,NJN,8,0,152,5.5,14.1,0.39,1.0,3.1,0.33299999999999996,4.5,11.0,0.406,1.4,1.7,0.8,0.0,3.1,3.1,8.3,1.4,0.3,3.4,3.1,13.4,0,91,109
Kendall Gill,SG,32,NJN,31,26,892,6.3,18.9,0.331,0.2,0.8,0.28600000000000003,6.0,18.1,0.33299999999999996,3.8,5.3,0.722,1.9,5.8,7.7,5.1,2.8,0.4,2.8,3.8,16.6,0,85,105
Dion Glover,SG,22,ATL,57,7,929,7.9,18.9,0.42,0.5,2.6,0.196,7.4,16.3,0.455,2.6,3.9,0.6809999999999999,2.2,5.2,7.4,3.9,2.8,0.6,3.0,5.2,19.0,0,94,104
Anthony Goldwire,PG,29,DEN,20,0,201,7.7,20.6,0.375,2.3,8.8,0.265,5.4,11.9,0.457,3.4,4.4,0.765,0.3,2.8,3.1,8.8,2.3,0.0,3.9,3.4,21.1,0,96,109
Steve Goodrich,PF,24,CHI,12,0,133,2.8,7.3,0.389,0.4,1.2,0.33299999999999996,2.4,6.1,0.4,1.6,2.8,0.5710000000000001,2.8,5.7,8.5,2.4,0.8,0.4,3.2,5.7,7.7,0,82,110
Brian Grant,C,28,MIA,82,79,2771,9.6,20.1,0.479,0.0,0.0,0.0,9.6,20.1,0.48,5.6,7.0,0.797,4.3,10.0,14.3,2.0,1.2,1.4,3.4,5.8,24.9,0,104,97
Gary Grant,PG,35,POR,4,0,17,15.8,22.2,0.7140000000000001,0.0,0.0,0.0,15.8,22.2,0.7140000000000001,0.0,0.0,0.0,0.0,0.0,0.0,3.2,0.0,0.0,0.0,3.2,31.7,0,142,112
Horace Grant,PF,35,LAL,77,77,2390,5.8,12.5,0.462,0.0,0.1,0.0,5.8,12.4,0.465,2.9,3.7,0.775,4.8,7.1,11.9,2.6,1.1,1.3,1.1,4.0,14.4,0,119,106
A.C. Green,PF,37,MIA,82,1,1411,5.6,12.7,0.444,0.0,0.2,0.0,5.6,12.4,0.45299999999999996,3.1,4.3,0.7120000000000001,4.2,8.0,12.2,1.5,1.2,0.3,1.8,4.6,14.3,0,104,99
Adrian Griffin,SF,26,BOS,44,0,377,4.5,13.3,0.34,1.2,3.6,0.34600000000000003,3.3,9.8,0.33799999999999997,2.5,3.3,0.75,3.7,8.3,12.0,3.7,2.5,0.7,2.5,6.2,12.8,0,94,102
Tom Gugliotta,PF,31,PHO,57,2,1159,6.6,16.9,0.392,0.1,0.5,0.25,6.5,16.4,0.397,2.7,3.4,0.792,3.4,8.0,11.3,2.4,2.1,0.9,2.3,4.9,16.1,0,93,97
A.J. Guyton,PG,22,CHI,33,8,630,6.7,16.4,0.406,2.3,5.9,0.391,4.4,10.5,0.415,1.3,1.5,0.833,0.9,2.2,3.1,5.5,0.8,0.4,2.0,3.0,16.9,0,101,113
Darvin Ham,SF,27,MIL,29,13,540,3.8,7.7,0.488,0.2,0.3,0.667,3.6,7.4,0.48100000000000004,2.8,4.7,0.5920000000000001,5.4,6.3,11.7,2.4,1.6,2.0,3.2,8.2,10.5,0,104,104
Richard Hamilton,SF,22,WAS,78,42,2519,11.2,25.7,0.43799999999999994,0.8,3.0,0.27399999999999997,10.4,22.7,0.46,5.7,6.6,0.868,1.5,3.4,4.9,4.6,1.5,0.2,4.1,4.2,29.0,0,100,111
Zendon Hamilton,C,25,LAC,3,0,19,5.6,25.4,0.222,0.0,0.0,0.0,5.6,25.4,0.222,14.1,22.5,0.625,8.5,14.1,22.5,0.0,0.0,0.0,5.6,11.3,25.4,0,79,103
Tom Hammonds,PF,33,MIN,7,0,30,5.2,17.4,0.3,0.0,0.0,0.0,5.2,17.4,0.3,1.7,3.5,0.5,3.5,3.5,7.0,1.7,0.0,0.0,5.2,13.9,12.2,0,64,110
Anfernee Hardaway,SG,29,PHO,4,4,112,6.9,16.6,0.41700000000000004,0.9,3.7,0.25,6.0,12.9,0.46399999999999997,3.2,5.1,0.636,2.3,6.0,8.3,6.9,2.8,0.5,1.4,2.8,17.9,0,109,98
Tim Hardaway,PG,34,MIA,77,77,2613,8.6,22.0,0.392,4.0,10.9,0.366,4.6,11.1,0.41700000000000004,3.1,3.8,0.8009999999999999,0.5,3.8,4.3,10.2,1.9,0.1,4.0,3.3,24.3,0,102,101
Ron Harper,PG,37,LAL,47,46,1139,5.8,12.4,0.469,0.9,3.3,0.264,5.0,9.1,0.5429999999999999,1.6,2.2,0.708,2.1,5.5,7.6,5.2,1.8,1.1,2.8,3.2,14.1,0,104,105
Matt Harpring,SG,24,CLE,56,55,1615,7.8,17.1,0.45399999999999996,0.4,1.7,0.25,7.3,15.4,0.47700000000000004,4.4,5.4,0.812,2.9,5.0,7.9,3.3,1.4,0.6,2.9,5.2,20.3,0,104,107
Al Harrington,PF,20,IND,78,38,1892,6.8,15.4,0.444,0.0,0.2,0.14300000000000002,6.8,15.2,0.44799999999999995,2.9,4.5,0.6559999999999999,3.4,7.4,10.8,3.7,1.8,0.5,4.2,6.3,16.6,0,91,102
Othella Harrington,C,27,TOT,74,45,1815,7.2,14.9,0.48700000000000004,0.0,0.1,0.0,7.2,14.8,0.49,5.0,6.6,0.763,4.1,7.3,11.4,1.6,1.0,1.3,4.3,7.0,19.5,0,98,104
Lucious Harris,SG,30,NJN,73,50,2071,6.7,15.7,0.425,1.2,3.3,0.348,5.5,12.4,0.445,2.7,3.5,0.77,1.8,5.5,7.3,3.4,1.9,0.4,1.6,3.2,17.2,0,104,107
Jason Hart,PG,22,MIL,1,0,10,5.2,5.2,1.0,0.0,0.0,0.0,5.2,5.2,1.0,0.0,0.0,0.0,0.0,0.0,0.0,5.2,0.0,0.0,10.4,0.0,10.4,0,64,114
Antonio Harvey,PF,30,POR,12,0,72,9.7,20.9,0.46399999999999997,0.0,0.0,0.0,9.7,20.9,0.46399999999999997,3.7,4.5,0.833,3.7,6.7,10.5,3.0,0.7,4.5,2.2,7.5,23.2,0,106,101
Donnell Harvey,PF,20,DAL,18,0,65,6.3,11.1,0.5710000000000001,0.0,0.0,0.0,6.3,11.1,0.5710000000000001,4.8,12.7,0.375,4.8,11.1,15.8,1.6,2.4,0.8,5.5,11.9,17.4,0,88,98
Hersey Hawkins,SG,34,CHH,59,0,681,4.4,10.8,0.409,1.3,3.6,0.37,3.1,7.2,0.429,4.3,5.0,0.857,1.3,5.0,6.3,5.7,2.6,0.7,1.5,3.5,14.4,0,120,100
Michael Hawkins,PG,28,CLE,10,0,76,2.1,6.2,0.33299999999999996,1.4,2.8,0.5,0.7,3.5,0.2,0.0,0.0,0.0,1.4,2.1,3.5,9.0,1.4,0.0,4.2,9.0,5.5,0,85,110
Alan Henderson,PF,28,ATL,73,42,1810,8.6,19.4,0.444,0.0,0.0,0.0,8.6,19.3,0.445,5.0,7.8,0.638,5.2,6.5,11.7,1.4,1.5,0.8,3.6,4.7,22.2,0,97,105
Cedric Henderson,SF,25,CLE,55,10,961,5.6,14.3,0.389,0.1,0.4,0.125,5.5,13.9,0.39799999999999996,1.6,2.5,0.652,1.0,3.9,4.9,4.3,1.6,1.3,3.5,5.5,12.9,0,82,107
Chris Herren,PG,25,BOS,25,7,408,3.7,12.2,0.302,2.0,7.0,0.29100000000000004,1.7,5.2,0.317,1.1,1.5,0.75,0.5,2.2,2.7,7.1,1.8,0.0,2.5,5.5,10.5,0,90,108
Grant Hill*,SF,28,ORL,4,4,133,7.4,16.7,0.442,0.4,0.4,1.0,7.0,16.3,0.429,6.2,10.1,0.615,3.1,6.6,9.7,9.7,1.9,0.8,4.3,3.5,21.3,0,105,102
Tyrone Hill,PF,32,PHI,76,75,2363,6.2,13.2,0.474,0.0,0.0,0.0,6.2,13.1,0.474,3.9,6.1,0.63,5.4,10.0,15.4,1.1,0.8,0.6,2.8,5.4,16.3,0,103,99
Fred Hoiberg,SG,28,CHI,74,37,2247,5.2,11.8,0.43799999999999994,2.5,6.0,0.41200000000000003,2.7,5.9,0.465,3.3,3.8,0.866,0.5,6.9,7.4,6.3,2.3,0.3,1.8,3.7,16.1,0,119,107
Robert Horry,PF,30,LAL,79,1,1587,4.8,12.5,0.387,1.8,5.1,0.34600000000000003,3.1,7.4,0.415,1.9,2.7,0.711,3.1,6.7,9.8,4.2,1.8,1.8,2.6,6.9,13.4,0,103,104
Eddie House,PG,22,MIA,50,0,550,10.4,24.8,0.42100000000000004,1.9,5.5,0.345,8.5,19.2,0.44299999999999995,2.4,3.5,0.6859999999999999,0.5,3.7,4.2,5.2,1.3,0.0,3.5,5.8,25.2,0,92,102
Allan Houston,SG,29,NYK,78,78,2858,10.5,23.4,0.449,1.9,4.9,0.381,8.6,18.5,0.467,5.4,5.9,0.909,0.4,5.1,5.5,3.4,1.0,0.2,3.1,3.7,28.3,0,104,102
Juwan Howard,PF,27,TOT,81,81,2974,10.1,21.2,0.479,0.0,0.1,0.0,10.1,21.1,0.48,5.1,6.7,0.773,3.0,7.0,9.9,3.9,1.3,0.6,4.2,5.1,25.4,0,101,107
Troy Hudson,PG,24,ORL,75,7,1008,6.4,19.0,0.336,1.1,5.6,0.20199999999999999,5.3,13.4,0.392,4.3,5.3,0.8170000000000001,1.9,3.4,5.4,8.3,1.9,0.2,4.7,4.2,18.2,0,90,105
Larry Hughes,SG,22,GSW,50,45,1846,8.5,22.2,0.38299999999999995,0.4,2.1,0.187,8.1,20.2,0.40299999999999997,5.3,7.0,0.7659999999999999,2.1,5.5,7.6,6.2,2.7,0.8,4.2,4.1,22.7,0,93,107
Lindsey Hunter,PG,30,MIL,82,5,2002,7.8,20.4,0.381,4.0,10.6,0.373,3.8,9.8,0.38799999999999996,2.0,2.5,0.802,0.8,3.6,4.4,5.8,2.7,0.3,1.8,4.5,21.5,0,108,106
Zydrunas Ilgauskas,C,25,CLE,24,24,616,9.7,20.0,0.48700000000000004,0.0,0.2,0.0,9.7,19.8,0.491,4.5,6.7,0.679,5.6,8.1,13.7,1.5,1.3,3.2,5.1,6.7,24.0,0,96,103
Allen Iverson*,SG,25,PHI,71,71,2979,13.6,32.2,0.42,1.7,5.4,0.32,11.8,26.8,0.441,10.4,12.8,0.8140000000000001,0.9,4.0,4.9,5.8,3.2,0.4,4.2,2.6,39.3,0,106,99
Bobby Jackson,PG,27,SAC,79,7,1648,7.1,16.2,0.439,1.2,3.2,0.375,5.9,13.0,0.455,2.0,2.7,0.7390000000000001,2.3,5.3,7.6,5.0,2.7,0.2,3.2,4.3,17.5,0,99,100
Jaren Jackson,SG,33,SAS,16,0,114,7.5,18.8,0.4,3.3,8.5,0.389,4.2,10.3,0.409,0.0,0.9,0.0,0.5,5.2,5.6,3.3,2.4,0.0,1.4,6.1,18.3,0,98,99
Jim Jackson,SF,30,TOT,56,40,1690,7.4,19.6,0.37799999999999995,0.8,2.5,0.325,6.6,17.1,0.386,4.3,5.2,0.8220000000000001,1.6,5.3,7.0,5.1,1.6,0.3,4.0,4.3,20.0,0,91,107
Marc Jackson,C,26,GSW,48,35,1410,8.6,18.4,0.467,0.2,0.8,0.217,8.4,17.5,0.478,5.6,6.9,0.802,4.3,8.8,13.1,2.1,1.2,1.0,3.4,5.0,22.9,0,105,107
Mark Jackson,PG,35,TOT,83,82,2588,5.0,12.1,0.419,1.4,4.3,0.33799999999999997,3.6,7.8,0.46299999999999997,1.5,1.9,0.785,1.3,5.0,6.3,13.7,1.7,0.1,3.6,2.9,13.1,0,108,104
Stephen Jackson,SF,22,NJN,77,40,1660,7.7,18.0,0.425,1.6,4.9,0.335,6.0,13.1,0.45799999999999996,3.1,4.3,0.7190000000000001,1.3,5.3,6.5,4.4,2.7,0.4,4.1,5.2,20.0,0,93,105
Sam Jacobson,PG,25,MIN,14,0,59,8.0,15.9,0.5,0.0,0.0,0.0,8.0,15.9,0.5,1.8,2.7,0.667,2.7,2.7,5.3,3.5,2.7,0.0,0.0,16.8,17.7,0,120,105
Tim James,SF,24,CHH,30,0,197,4.4,14.2,0.308,0.3,0.8,0.33299999999999996,4.1,13.4,0.306,3.3,3.8,0.857,4.1,5.4,9.5,2.2,0.5,1.4,2.2,7.4,12.3,0,89,103
Antawn Jamison,SF,24,GSW,82,82,3394,12.0,27.2,0.442,0.9,3.1,0.302,11.1,24.2,0.45899999999999996,5.7,8.0,0.715,4.2,6.5,10.7,2.5,1.7,0.4,3.0,3.4,30.7,0,104,108
Anthony Johnson,PG,26,TOT,53,0,511,5.4,15.6,0.349,0.1,0.5,0.2,5.3,15.1,0.354,2.4,3.4,0.6970000000000001,1.0,3.5,4.5,8.0,2.4,0.6,3.5,6.4,13.3,0,86,106
Avery Johnson,PG,35,SAS,55,20,1290,5.6,12.5,0.447,0.0,0.2,0.16699999999999998,5.5,12.2,0.452,1.7,2.5,0.6829999999999999,0.9,2.7,3.5,9.8,1.4,0.2,2.5,3.7,12.9,0,105,103
DerMarr Johnson,SF,20,ATL,78,21,1313,5.8,15.5,0.374,1.6,5.0,0.32299999999999995,4.2,10.5,0.39899999999999997,2.5,3.5,0.736,2.2,4.9,7.1,2.5,1.7,1.2,3.7,5.3,15.8,0,88,106
Ervin Johnson,C,33,MIL,82,19,1981,2.8,5.2,0.545,0.0,0.0,0.0,2.8,5.2,0.545,1.3,2.4,0.5379999999999999,5.4,10.7,16.1,1.1,1.2,2.6,1.2,6.8,7.0,0,122,101
Larry Johnson,PF,31,NYK,65,65,2105,6.5,15.7,0.41100000000000003,1.3,4.3,0.313,5.1,11.4,0.44799999999999995,2.7,3.4,0.797,2.4,7.2,9.5,3.3,1.0,0.8,2.6,5.5,17.0,0,99,99
Damon Jones,PG,24,VAN,71,10,1415,6.3,15.4,0.409,3.1,8.5,0.364,3.2,6.8,0.465,1.4,1.9,0.7120000000000001,0.6,4.0,4.6,8.3,1.3,0.0,2.8,2.1,17.1,0,104,109
Eddie Jones,SG,29,MIA,63,58,2282,9.4,21.0,0.445,2.2,5.7,0.37799999999999995,7.2,15.3,0.47100000000000003,5.5,6.5,0.8440000000000001,1.8,5.2,7.1,4.1,2.7,1.4,3.3,4.4,26.4,0,106,97
Jumaine Jones,SF,21,PHI,65,0,866,7.5,16.8,0.444,1.2,3.7,0.33299999999999996,6.2,13.2,0.474,2.4,3.2,0.755,3.9,7.7,11.6,2.0,1.8,0.9,2.4,4.2,18.6,0,104,99
Popeye Jones,PF,30,WAS,45,1,638,4.9,12.4,0.392,0.1,0.5,0.16699999999999998,4.8,11.9,0.401,3.3,4.5,0.745,6.7,11.1,17.9,2.5,1.5,0.6,1.7,7.7,13.2,0,108,105
Garth Joseph,C,27,TOT,4,0,16,3.3,16.3,0.2,0.0,0.0,0.0,3.3,16.3,0.2,0.0,6.5,0.0,6.5,0.0,6.5,3.3,0.0,3.3,6.5,3.3,6.5,0,45,111
Adam Keefe,PF,30,GSW,67,13,836,3.9,9.7,0.40299999999999997,0.1,0.2,0.33299999999999996,3.8,9.5,0.40399999999999997,2.4,3.8,0.619,5.5,7.3,12.8,2.2,1.7,1.2,2.4,6.2,10.3,0,96,107
Shawn Kemp,PF,31,POR,68,3,1083,8.4,20.5,0.40700000000000003,0.2,0.5,0.364,8.2,20.0,0.408,5.0,6.5,0.7709999999999999,3.1,9.7,12.9,3.2,2.2,1.1,4.9,9.1,21.9,0,90,99
Steve Kerr,PG,35,SAS,55,1,650,5.5,13.1,0.42100000000000004,2.7,6.3,0.429,2.8,6.8,0.415,1.2,1.2,0.9329999999999999,0.5,2.4,2.9,4.7,1.3,0.1,1.7,2.5,14.9,0,110,104
Jerome Kersey,SF,38,MIL,22,2,243,6.9,14.8,0.46399999999999997,0.0,0.2,0.0,6.9,14.6,0.47100000000000003,1.7,3.4,0.5,1.7,7.9,9.6,3.2,3.0,1.7,1.3,7.7,15.4,0,102,100
Lari Ketner,PF,23,IND,3,0,7,0.0,0.0,0.0,0.0,0.0,0.0,0.0,0.0,0.0,0.0,0.0,0.0,0.0,0.0,0.0,7.7,0.0,0.0,15.3,0.0,0.0,0,21,112
Jason Kidd*,PG,27,PHO,77,76,3065,7.6,18.4,0.41100000000000003,1.2,3.9,0.297,6.4,14.5,0.442,5.5,6.8,0.8140000000000001,1.5,6.8,8.3,12.7,2.8,0.4,4.8,2.9,21.8,0,104,97
Gerard King,SF,28,WAS,45,3,706,6.6,12.9,0.511,0.0,0.0,0.0,6.6,12.9,0.511,2.6,3.3,0.8,2.9,6.6,9.5,2.3,1.0,0.8,3.4,6.9,15.8,0,100,109
Brevin Knight,PG,25,TOT,53,43,1457,5.0,13.3,0.375,0.0,0.4,0.1,4.9,12.9,0.382,1.9,2.4,0.818,0.8,5.2,6.0,11.1,3.6,0.1,3.3,5.6,11.9,0,95,102
Travis Knight,C,26,NYK,45,0,256,2.2,11.5,0.18899999999999997,0.0,0.2,0.0,2.2,11.2,0.192,1.9,3.9,0.5,4.1,7.4,11.5,1.1,1.1,2.4,2.2,10.2,6.3,0,63,97
Toni Kukoč,SF,32,TOT,65,19,1597,9.1,19.2,0.473,2.3,5.2,0.446,6.8,14.0,0.48200000000000004,3.3,5.3,0.631,2.2,6.4,8.5,6.6,1.6,0.4,3.7,3.2,23.8,0,108,103
Christian Laettner,C-PF,31,TOT,78,48,1663,8.6,17.1,0.503,0.1,0.4,0.308,8.5,16.7,0.507,5.3,6.3,0.833,3.7,7.7,11.3,3.8,2.2,1.4,4.3,7.5,22.6,0,106,102
Raef LaFrentz,C,24,DEN,78,74,2457,8.2,17.1,0.47700000000000004,1.1,2.9,0.36700000000000005,7.1,14.2,0.499,3.9,5.5,0.698,3.6,9.2,12.8,2.3,0.8,4.3,2.0,6.1,21.3,0,110,103
Trajan Langdon,SG,24,CLE,65,5,1116,6.4,14.8,0.431,2.4,5.8,0.41100000000000003,4.0,8.9,0.444,3.2,3.6,0.895,0.6,3.6,4.2,3.8,1.8,0.4,2.5,5.4,18.3,0,109,108
Dan Langhi,SF,23,HOU,33,0,241,8.2,21.8,0.374,0.0,0.2,0.0,8.2,21.6,0.37799999999999995,3.5,6.4,0.552,2.9,6.2,9.0,0.9,1.5,0.2,1.8,3.5,19.8,0,87,106
Voshon Lenard,SG,27,DEN,80,58,2331,7.5,18.8,0.397,3.3,8.5,0.385,4.2,10.3,0.40700000000000003,3.4,4.3,0.797,1.0,4.1,5.1,4.2,1.4,0.4,2.3,3.8,21.6,0,105,109
Quincy Lewis,SF,23,UTA,35,2,402,6.7,16.4,0.40700000000000003,1.2,3.3,0.36,5.5,13.0,0.418,2.0,2.8,0.7140000000000001,1.9,4.4,6.3,2.4,1.3,1.3,2.3,10.4,16.5,0,95,105
Rashard Lewis,PF,21,SEA,78,78,2720,8.2,17.1,0.48,2.4,5.5,0.43200000000000005,5.8,11.6,0.503,3.4,4.1,0.826,2.8,7.7,10.4,2.4,1.8,0.9,2.5,3.7,22.2,0,114,105
Randy Livingston,PG,25,GSW,2,0,7,0.0,14.6,0.0,0.0,7.3,0.0,0.0,7.3,0.0,0.0,0.0,0.0,0.0,7.3,7.3,7.3,0.0,0.0,0.0,0.0,0.0,0,28,112
Art Long,SF,28,SAC,9,0,20,0.0,10.2,0.0,0.0,0.0,0.0,0.0,10.2,0.0,0.0,5.1,0.0,5.1,15.3,20.3,2.5,0.0,7.6,5.1,12.7,0.0,0,27,91
Grant Long,PF,34,VAN,66,27,1507,4.9,11.1,0.439,0.1,0.5,0.267,4.7,10.6,0.447,3.9,5.5,0.713,2.6,6.9,9.5,2.9,2.5,0.5,2.2,5.6,13.8,0,103,104
Luc Longley,C,32,NYK,25,2,301,3.3,9.9,0.33299999999999996,0.0,0.0,0.0,3.3,9.9,0.33299999999999996,2.4,3.1,0.765,4.8,7.4,12.1,1.3,0.6,1.7,4.0,9.4,9.0,0,78,99
Felipe López,SG-PG,26,TOT,70,48,1565,7.0,15.9,0.441,0.6,1.7,0.365,6.4,14.1,0.451,3.6,5.2,0.6990000000000001,1.8,5.9,7.8,3.6,2.1,1.0,2.8,5.2,18.2,0,100,106
Tyronn Lue,PG,23,LAL,38,1,468,5.6,13.1,0.42700000000000005,1.2,3.8,0.324,4.4,9.3,0.47,2.1,2.7,0.792,0.6,3.0,3.6,5.0,2.1,0.0,3.0,6.0,14.5,0,99,108
George Lynch,SF,30,PHI,82,80,2649,5.5,12.3,0.445,0.3,1.1,0.263,5.2,11.2,0.46299999999999997,2.5,3.4,0.7190000000000001,4.0,7.8,11.8,2.8,2.0,0.6,2.2,4.4,13.7,0,105,99
Todd MacCulloch,C,25,PHI,63,3,597,9.7,16.4,0.589,0.0,0.0,0.0,9.7,16.4,0.589,3.7,5.9,0.636,6.1,8.8,14.9,0.9,0.6,1.7,2.4,8.5,23.1,0,119,100
Don MacLean,SF,31,MIA,8,1,76,7.3,14.5,0.5,1.5,1.5,1.0,5.8,13.1,0.444,6.5,8.7,0.75,5.1,8.0,13.1,2.9,3.6,0.7,7.3,6.5,22.5,0,97,94
Mark Madsen,PF,25,LAL,70,3,641,4.5,9.2,0.48700000000000004,0.1,0.1,1.0,4.4,9.1,0.48200000000000004,2.1,3.0,0.703,6.0,6.4,12.4,2.0,0.7,0.7,2.2,9.1,11.2,0,112,107
Corey Maggette,SF,21,LAC,69,9,1359,8.9,19.2,0.462,0.7,2.2,0.304,8.2,17.0,0.483,8.8,11.3,0.774,3.5,8.0,11.5,3.2,1.4,0.4,4.2,5.5,27.2,0,108,105
Jamaal Magloire,C,22,CHH,74,0,1095,6.0,13.3,0.45,0.0,0.1,0.0,6.0,13.2,0.45399999999999996,4.7,7.1,0.655,5.0,9.4,14.5,1.3,0.9,3.8,3.0,6.8,16.6,0,100,97
Dan Majerle,SG,35,MIA,53,19,1306,3.7,10.9,0.336,2.4,7.6,0.315,1.3,3.3,0.385,1.5,1.9,0.818,0.8,6.2,7.0,3.7,2.2,0.6,1.5,4.1,11.3,0,100,98
Karl Malone*,PF,37,UTA,81,81,2895,12.4,24.8,0.498,0.0,0.1,0.4,12.3,24.8,0.499,9.9,12.5,0.7929999999999999,2.1,10.3,12.4,6.7,1.7,1.1,4.5,4.0,34.7,0,112,100
Matt Maloney,PG,29,ATL,55,27,1403,5.4,12.9,0.42,1.9,5.3,0.359,3.5,7.7,0.461,1.0,1.3,0.765,0.5,3.8,4.4,5.7,2.1,0.2,2.6,3.5,13.7,0,100,107
Danny Manning,PF,34,UTA,82,0,1305,10.1,20.5,0.494,0.3,1.1,0.25,9.8,19.3,0.508,4.2,5.7,0.7290000000000001,2.7,6.1,8.8,3.8,1.9,1.2,3.9,9.0,24.7,0,101,102
Stephon Marbury,PG,23,NJN,67,67,2557,11.5,26.1,0.441,2.2,6.8,0.32799999999999996,9.3,19.3,0.48100000000000004,7.4,9.4,0.79,1.1,3.1,4.2,10.3,1.6,0.1,4.0,3.1,32.7,0,110,109
Shawn Marion,SF,22,PHO,79,79,2857,10.0,20.9,0.48,0.4,1.5,0.256,9.7,19.4,0.49700000000000005,4.2,5.2,0.81,4.0,11.3,15.3,2.9,2.4,1.9,2.3,3.8,24.7,0,109,93
Donyell Marshall,SF,27,UTA,81,49,2326,9.8,19.5,0.503,0.9,2.9,0.32,8.9,16.6,0.535,4.7,6.3,0.7509999999999999,4.0,9.1,13.0,3.1,2.0,1.8,2.9,4.5,25.3,0,112,100
Darrick Martin,PG,29,SAC,31,0,176,8.4,22.0,0.382,4.0,7.8,0.519,4.3,14.2,0.306,9.0,10.1,0.8859999999999999,0.6,4.0,4.6,4.0,2.0,0.0,2.9,7.8,29.8,0,113,103
Kenyon Martin,PF,23,NJN,68,68,2272,8.0,17.9,0.445,0.0,0.3,0.091,7.9,17.6,0.45,2.8,4.4,0.63,3.2,8.4,11.5,3.0,1.8,2.6,3.2,6.5,18.7,0,93,102
Jamal Mashburn,SF,28,CHH,76,76,2989,10.3,24.9,0.413,1.8,5.2,0.35600000000000004,8.4,19.7,0.428,5.0,6.5,0.7659999999999999,1.7,8.7,10.3,7.4,1.5,0.2,3.8,3.3,27.4,0,101,100
Anthony Mason,PF,34,MIA,80,80,3254,7.8,16.2,0.48200000000000004,0.0,0.0,0.0,7.8,16.2,0.48200000000000004,6.3,8.0,0.7809999999999999,2.9,10.2,13.0,4.2,1.4,0.4,3.0,3.9,21.9,0,109,98
Desmond Mason,SF,23,SEA,78,14,1522,6.5,15.1,0.431,0.6,2.3,0.26899999999999996,5.9,12.8,0.46,2.3,3.1,0.736,2.5,6.1,8.6,2.2,1.3,0.7,1.8,5.0,15.9,0,101,107
Tony Massenburg,PF,33,VAN,52,20,823,5.9,12.7,0.462,0.0,0.0,0.0,5.9,12.7,0.462,3.1,4.5,0.7,4.8,8.6,13.4,0.6,0.6,1.8,3.1,7.8,14.8,0,96,105
Vernon Maxwell,PG,35,TOT,43,6,660,5.8,17.7,0.327,2.7,8.8,0.306,3.1,8.9,0.348,1.7,2.5,0.6559999999999999,0.3,4.9,5.2,3.9,1.7,0.2,2.8,5.1,15.9,0,86,103
Walter McCarty,PF,26,BOS,60,3,478,4.9,13.7,0.35700000000000004,2.1,6.1,0.33899999999999997,2.8,7.6,0.371,2.4,3.0,0.7859999999999999,2.6,6.2,8.8,4.2,1.5,0.8,2.2,8.9,14.2,0,101,105
Dan McClintock,C,23,DEN,6,1,58,8.0,16.1,0.5,0.0,0.0,0.0,8.0,16.1,0.5,0.0,4.5,0.0,8.9,6.3,15.2,0.9,0.0,1.8,2.7,9.8,16.1,0,94,109
George McCloud,SF,33,DEN,76,8,2007,6.5,16.9,0.382,2.0,6.0,0.32899999999999996,4.5,10.9,0.41100000000000003,3.9,4.7,0.84,1.4,4.4,5.8,7.2,1.4,0.7,3.0,4.3,18.8,0,103,109
Jelani McCoy,C,23,SEA,70,44,1143,6.3,12.1,0.523,0.0,0.0,0.0,6.3,12.1,0.523,1.9,4.3,0.441,4.2,7.3,11.5,2.6,0.8,2.2,3.4,6.5,14.5,0,97,106
Antonio McDyess,PF,26,DEN,70,70,2555,11.7,23.6,0.495,0.0,0.0,0.0,11.7,23.6,0.495,6.2,8.8,0.7,4.9,12.3,17.1,3.0,0.9,2.1,3.3,4.5,29.6,0,107,103
Tracy McGrady*,SG,21,ORL,77,77,3087,13.2,28.8,0.457,1.0,2.8,0.355,12.2,26.0,0.46799999999999997,7.2,9.8,0.733,3.2,6.5,9.7,5.9,1.9,2.0,3.3,2.7,34.5,0,109,101
Jim McIlvaine,C,28,NJN,18,3,193,2.7,7.6,0.35700000000000004,0.0,0.0,0.0,2.7,7.6,0.35700000000000004,2.2,3.2,0.667,2.2,7.3,9.5,1.1,1.9,4.1,2.4,9.5,7.6,0,81,101
Jeff McInnis,PG,26,LAC,81,81,2831,8.2,17.6,0.46299999999999997,1.0,2.7,0.361,7.2,14.9,0.48200000000000004,2.5,3.0,0.807,0.8,3.4,4.2,8.5,1.4,0.1,2.1,3.8,19.8,0,112,108
Derrick McKey,SF,34,IND,66,20,987,3.3,7.4,0.441,0.2,1.1,0.2,3.0,6.3,0.483,1.1,1.5,0.778,2.7,6.9,9.6,4.0,2.6,0.7,2.6,7.4,7.9,0,97,101
Aaron McKie,SG,28,PHI,76,33,2394,7.5,15.8,0.473,1.2,3.8,0.312,6.3,12.0,0.524,3.3,4.3,0.768,0.7,6.2,6.9,8.3,2.3,0.2,4.5,3.9,19.4,0,103,100
Roshown McLeod,SF,25,TOT,35,25,922,8.2,18.8,0.43700000000000006,0.1,1.2,0.091,8.1,17.6,0.461,2.5,2.9,0.882,2.2,4.6,6.8,3.3,1.3,0.5,3.3,5.1,19.1,0,94,107
Paul McPherson,PG,22,TOT,55,0,595,9.4,18.6,0.505,0.2,1.0,0.16699999999999998,9.2,17.6,0.525,3.6,5.0,0.7240000000000001,3.4,3.4,6.8,3.3,2.2,0.3,4.1,6.9,22.6,0,100,105
Stanislav Medvedenko,PF,21,LAL,7,0,39,16.1,33.5,0.48,1.3,1.3,1.0,14.8,32.2,0.45799999999999996,9.4,16.1,0.583,1.3,10.7,12.1,2.7,1.3,1.3,4.0,12.1,42.9,0,102,102
Ron Mercer,SG,24,CHI,61,61,2535,10.6,23.8,0.446,0.3,1.0,0.304,10.3,22.8,0.452,4.0,4.8,0.825,1.5,3.5,5.0,4.3,1.7,0.6,2.7,3.1,25.5,0,99,110
Chris Mihm,C,21,CLE,59,43,1166,7.8,17.6,0.442,0.0,0.0,0.0,7.8,17.6,0.444,4.5,5.7,0.794,4.8,7.9,12.6,0.7,0.9,2.4,3.6,7.0,20.1,0,97,105
Darius Miles,SF,19,LAC,81,21,2133,8.0,15.8,0.505,0.0,0.5,0.053,8.0,15.3,0.519,3.1,6.0,0.521,3.2,8.8,12.0,2.5,1.3,3.1,3.7,4.8,19.1,0,97,102
Andre Miller,PG,24,CLE,82,82,2848,8.4,18.5,0.452,0.3,1.2,0.266,8.0,17.3,0.465,6.9,8.3,0.833,1.7,4.9,6.7,12.1,2.2,0.5,4.9,4.2,23.9,0,109,106
Anthony Miller,PF,29,TOT,4,0,11,4.8,9.6,0.5,0.0,0.0,0.0,4.8,9.6,0.5,0.0,0.0,0.0,0.0,9.6,9.6,0.0,0.0,0.0,4.8,4.8,9.6,0,62,106
Brad Miller,C,24,CHI,57,45,1434,6.3,14.5,0.435,0.0,0.2,0.2,6.3,14.3,0.43799999999999994,6.3,8.5,0.743,5.4,10.3,15.7,4.0,1.2,1.4,2.7,6.6,18.9,0,109,105
Mike Miller,SF,20,ORL,82,62,2390,7.9,18.2,0.436,3.2,7.8,0.40700000000000003,4.7,10.4,0.457,2.0,2.8,0.711,1.4,5.6,7.0,3.0,1.1,0.4,2.1,4.3,21.0,0,108,105
Reggie Miller*,SG,35,IND,81,81,3181,8.7,19.8,0.44,2.9,7.8,0.366,5.9,12.0,0.48700000000000004,5.5,5.9,0.9279999999999999,0.6,4.2,4.8,4.4,1.4,0.3,2.2,2.7,25.8,0,115,106
Chris Mills,SF,31,GSW,15,8,493,7.3,19.8,0.37200000000000005,0.7,2.6,0.28,6.6,17.2,0.386,3.2,3.7,0.861,2.5,7.1,9.6,1.9,0.9,0.5,2.1,4.4,18.6,0,94,109
Terry Mills,PF,33,IND,14,0,113,5.2,16.2,0.324,1.4,8.1,0.17600000000000002,3.8,8.1,0.47100000000000003,0.0,0.0,0.0,1.9,8.1,10.0,2.4,1.4,0.5,4.8,9.5,11.9,0,67,102
Sam Mitchell,SF,37,MIN,82,4,983,6.3,15.4,0.408,0.5,2.3,0.209,5.8,13.1,0.44299999999999995,2.1,2.9,0.727,1.5,5.1,6.5,3.0,1.4,0.5,1.9,6.2,15.2,0,95,106
Cuttino Mobley,SG,25,HOU,79,49,3002,9.3,21.5,0.434,1.6,4.5,0.35700000000000004,7.7,17.0,0.45399999999999996,7.0,8.4,0.831,1.5,5.6,7.0,3.4,1.5,0.5,2.9,3.0,27.2,0,109,106
Nazr Mohammed,C,23,TOT,58,22,912,10.1,21.2,0.47700000000000004,0.0,0.1,0.0,10.1,21.1,0.478,5.1,7.2,0.706,6.6,11.0,17.6,1.1,1.7,2.0,3.7,6.5,25.3,0,103,99
Jérôme Moïso,C,22,BOS,24,0,135,4.6,11.5,0.4,0.0,0.4,0.0,4.6,11.1,0.414,4.2,10.0,0.423,4.6,11.5,16.1,1.2,1.2,1.5,6.9,11.1,13.4,0,70,101
Eric Montross,C,29,TOT,54,21,649,4.4,10.8,0.406,0.0,0.0,0.0,4.4,10.8,0.406,0.6,2.4,0.258,4.1,9.5,13.6,1.5,0.9,2.0,3.2,9.0,9.4,0,79,101
Mikki Moore,C,25,DET,81,2,1154,5.8,11.8,0.493,0.0,0.0,0.0,5.8,11.7,0.494,4.2,5.7,0.731,5.3,8.6,13.9,1.4,1.1,2.7,3.2,8.9,15.8,0,105,100
Hanno Möttölä,SF,24,ATL,73,3,989,6.5,14.6,0.444,0.0,0.2,0.0,6.5,14.5,0.449,3.9,4.8,0.8109999999999999,2.6,6.6,9.2,1.3,0.6,0.5,3.5,8.6,16.8,0,93,107
Alonzo Mourning*,C,30,MIA,13,3,306,13.2,25.4,0.518,0.0,0.2,0.0,13.2,25.2,0.521,5.6,9.9,0.564,6.3,11.9,18.2,2.2,0.7,5.6,5.0,4.3,31.9,0,99,93
Chris Mullin*,SF,37,GSW,20,8,374,4.9,14.5,0.34,2.6,7.1,0.365,2.3,7.4,0.315,3.3,3.8,0.857,1.4,4.2,5.6,2.6,2.2,1.4,2.6,3.8,15.7,0,98,108
Lamond Murray,SF,27,CLE,78,46,2225,9.2,21.9,0.423,1.4,3.9,0.37,7.8,18.0,0.434,3.7,5.0,0.735,2.5,5.6,8.0,2.9,2.0,0.6,3.3,4.1,23.6,0,97,106
Tracy Murray,SF,29,TOT,51,1,588,8.4,22.2,0.379,3.2,9.2,0.35,5.2,13.0,0.4,2.9,3.8,0.7859999999999999,2.0,5.3,7.2,2.1,1.1,0.6,2.3,4.7,23.0,0,98,107
Dikembe Mutombo*,C,34,TOT,75,75,2591,5.4,11.3,0.484,0.0,0.0,0.0,5.4,11.3,0.484,4.3,5.9,0.725,6.2,14.3,20.6,1.5,0.6,4.1,2.9,4.1,15.2,0,108,97
Mamadou N'Diaye,C,25,TOR,3,0,10,5.3,21.1,0.25,0.0,0.0,0.0,5.3,21.1,0.25,10.6,10.6,1.0,5.3,5.3,10.6,0.0,0.0,0.0,0.0,15.8,21.1,0,106,109
Lee Nailon,SF,25,CHH,42,0,469,7.6,15.6,0.485,0.0,0.1,0.0,7.6,15.5,0.489,3.7,4.9,0.7440000000000001,3.3,7.2,10.5,2.7,1.0,0.6,3.1,6.9,18.8,0,102,102
Eduardo Nájera,PF,24,DAL,40,4,431,6.9,13.3,0.523,0.1,0.4,0.33299999999999996,6.8,12.9,0.528,1.7,3.9,0.424,4.9,6.5,11.4,3.2,1.6,1.0,2.0,5.7,15.7,0,110,103
Steve Nash*,PG,26,DAL,70,70,2387,8.3,17.1,0.48700000000000004,1.9,4.7,0.406,6.4,12.4,0.518,5.0,5.6,0.895,1.0,3.8,4.8,11.0,1.6,0.1,4.4,3.4,23.6,0,115,106
Tyrone Nesby,SF-SG,25,TOT,62,34,1556,6.3,17.8,0.35700000000000004,1.6,6.0,0.272,4.7,11.7,0.4,2.8,3.6,0.802,1.7,4.1,5.8,2.5,1.7,0.7,2.2,5.2,17.2,0,94,109
Rasho Nesterović,C,24,MIN,73,39,1233,6.2,13.5,0.461,0.0,0.0,0.0,6.2,13.5,0.462,1.4,2.8,0.523,4.2,7.9,12.1,1.9,1.1,2.7,2.3,8.0,13.9,0,97,103
Ira Newble,SF,26,SAS,27,6,184,6.1,16.0,0.382,1.2,2.6,0.444,5.0,13.4,0.37,2.3,4.7,0.5,3.8,6.4,10.2,1.7,0.6,1.2,2.0,5.2,15.7,0,93,101
Johnny Newman,SG,37,NJN,82,17,2049,7.4,17.7,0.419,1.5,4.5,0.335,5.9,13.2,0.447,6.5,7.6,0.855,0.9,3.6,4.5,2.9,1.6,0.3,2.7,5.8,22.8,0,106,109
Moochie Norris,PG,27,HOU,82,6,1654,5.9,13.3,0.446,0.8,2.9,0.281,5.1,10.4,0.491,4.8,6.2,0.778,1.4,4.9,6.4,9.1,2.2,0.1,3.4,2.7,17.5,0,111,105
Dirk Nowitzki,PF,22,DAL,82,82,3125,9.7,20.5,0.474,2.5,6.4,0.387,7.3,14.1,0.513,7.4,8.9,0.838,2.0,10.5,12.4,2.9,1.3,1.7,2.6,4.0,29.4,0,118,100
Jermaine O'Neal,C,22,IND,81,80,2641,8.2,17.6,0.465,0.0,0.1,0.0,8.2,17.5,0.46799999999999997,4.7,7.9,0.601,5.1,11.1,16.1,2.0,1.0,4.6,3.3,5.7,21.2,0,100,97
Shaquille O'Neal*,C,28,LAL,74,74,2924,14.5,25.4,0.5720000000000001,0.0,0.0,0.0,14.5,25.4,0.573,8.9,17.4,0.513,5.2,11.6,16.8,5.0,0.8,3.7,3.9,4.6,38.0,0,114,101
Charles Oakley,PF,37,TOR,78,77,2767,5.8,15.0,0.38799999999999996,0.2,0.9,0.22399999999999998,5.6,14.1,0.39899999999999997,2.4,2.9,0.836,2.7,11.4,14.1,5.0,1.4,0.9,2.7,4.9,14.3,0,96,101
Lamar Odom,PF,21,LAC,76,74,2836,9.1,19.7,0.46,1.5,4.8,0.316,7.6,15.0,0.506,4.9,7.3,0.679,2.1,9.1,11.2,7.4,1.4,2.3,5.0,4.5,24.6,0,102,102
Hakeem Olajuwon*,C,38,HOU,58,55,1545,9.7,19.5,0.498,0.0,0.0,0.0,9.7,19.5,0.499,4.2,6.8,0.621,4.3,10.6,14.8,2.5,2.4,3.0,2.8,4.8,23.7,0,106,98
Kevin Ollie,PG,28,TOT,70,4,925,4.3,11.0,0.396,0.1,0.2,0.33299999999999996,4.3,10.8,0.397,3.6,5.1,0.708,0.9,4.5,5.4,8.3,1.7,0.1,2.8,4.8,12.3,0,100,103
Michael Olowokandi,C,25,LAC,82,82,2127,7.8,17.8,0.435,0.0,0.0,0.0,7.8,17.8,0.435,2.1,3.9,0.545,4.2,9.0,13.2,1.2,0.8,2.7,4.3,6.3,17.6,0,85,103
Greg Ostertag,C,27,UTA,81,3,1491,5.0,10.1,0.495,0.0,0.1,0.5,4.9,10.0,0.495,3.0,5.4,0.556,5.9,9.0,14.9,0.8,0.8,5.1,2.3,7.7,13.0,0,106,99
Bo Outlaw,PF,29,ORL,80,69,2534,4.6,7.5,0.614,0.0,0.0,0.5,4.6,7.4,0.615,2.6,4.6,0.573,4.3,8.3,12.6,4.6,2.1,2.8,2.9,4.9,11.8,0,115,99
Doug Overton,PG,31,TOT,21,10,475,5.7,15.3,0.374,1.2,4.0,0.306,4.5,11.3,0.39799999999999996,1.1,1.8,0.625,0.4,3.8,4.3,7.9,0.9,0.0,3.4,4.1,13.7,0,88,110
Billy Owens,PF,31,DET,45,14,793,5.6,14.7,0.38299999999999995,0.2,1.3,0.15,5.4,13.4,0.405,1.2,2.6,0.475,5.4,7.7,13.1,3.5,2.0,0.8,2.5,5.9,12.7,0,91,101
Olumide Oyedeji,C,19,SEA,30,1,221,4.3,8.8,0.486,0.0,0.0,0.0,4.3,8.8,0.486,2.1,2.8,0.75,5.7,10.2,15.9,0.5,1.7,2.4,2.6,9.5,10.7,0,104,102
Robert Pack,PG,31,DEN,74,11,1260,7.4,17.5,0.425,0.5,1.3,0.387,6.9,16.2,0.428,4.3,5.6,0.7659999999999999,1.2,4.4,5.6,12.0,2.7,0.0,5.6,4.7,19.7,0,97,107
Scott Padgett,PF,24,UTA,27,0,127,7.6,18.1,0.419,2.1,3.8,0.556,5.5,14.3,0.382,6.3,8.4,0.75,8.0,8.4,16.4,2.1,2.5,1.3,4.2,8.8,23.6,0,107,99
Milt Palacio,PG,22,BOS,58,6,1141,5.7,12.1,0.47200000000000003,0.5,1.6,0.33299999999999996,5.2,10.5,0.494,3.5,4.2,0.848,1.1,3.5,4.6,6.9,2.2,0.0,3.6,3.8,15.5,0,104,106
Andy Panko,SF,23,ATL,1,0,1,0.0,0.0,0.0,0.0,0.0,0.0,0.0,0.0,0.0,0.0,0.0,0.0,0.0,0.0,0.0,0.0,0.0,0.0,0.0,0.0,0.0,0,0,114
Cherokee Parks,C,28,TOT,65,31,1054,6.8,13.8,0.489,0.0,0.3,0.0,6.8,13.5,0.5,1.6,2.2,0.705,3.6,8.0,11.6,2.3,1.3,1.8,2.1,6.2,15.1,0,104,104
Ruben Patterson,SF,25,SEA,76,22,2059,9.4,19.1,0.494,0.1,0.9,0.055999999999999994,9.4,18.2,0.516,6.3,9.2,0.6809999999999999,4.7,5.1,9.7,4.1,2.6,1.1,3.9,4.5,25.2,0,107,105
Gary Payton*,PG,32,SEA,79,79,3244,11.7,25.7,0.456,1.6,4.4,0.375,10.1,21.3,0.47200000000000003,4.4,5.7,0.7659999999999999,1.2,4.7,5.8,10.4,2.1,0.4,3.4,3.0,29.5,0,111,107
Anthony Peeler,SG,31,MIN,75,41,2126,7.6,18.0,0.42100000000000004,2.5,6.3,0.391,5.1,11.7,0.43700000000000006,1.8,2.1,0.862,1.1,3.6,4.7,4.7,2.2,0.4,2.6,4.1,19.4,0,102,106
Mike Penberthy,PG,26,LAL,53,0,851,5.7,13.6,0.414,3.4,8.5,0.396,2.3,5.1,0.446,1.7,1.9,0.903,0.6,3.3,3.9,4.4,1.4,0.1,2.1,3.5,16.4,0,113,109
Will Perdue,C,35,POR,13,0,58,5.6,8.4,0.667,0.0,0.0,0.0,5.6,8.4,0.667,1.9,3.7,0.5,5.6,11.1,16.7,1.9,2.8,1.9,0.0,7.4,13.0,0,150,96
Sam Perkins,PF,39,IND,64,41,999,4.6,12.1,0.381,2.0,5.9,0.345,2.6,6.2,0.414,1.7,2.0,0.8420000000000001,1.7,7.3,9.0,2.2,1.8,1.0,1.0,3.3,13.0,0,107,102
Elliot Perry,PG,31,TOT,49,6,499,6.7,14.5,0.46399999999999997,0.1,0.5,0.2,6.6,13.9,0.474,1.7,2.3,0.727,0.9,3.8,4.8,8.2,2.3,0.1,3.9,3.0,15.2,0,95,101
Wesley Person,SG,29,CLE,44,22,958,7.0,16.0,0.43799999999999994,1.9,4.6,0.405,5.2,11.4,0.452,1.3,1.6,0.8,0.6,6.5,7.1,3.5,1.5,0.6,2.2,3.4,17.2,0,101,106
Morris Peterson,SG,23,TOR,80,49,1809,8.5,19.6,0.431,1.8,4.8,0.382,6.6,14.8,0.447,3.0,4.2,0.7170000000000001,3.3,4.3,7.6,3.1,1.8,0.6,2.3,4.8,21.8,0,105,105
Eric Piatkowski,SG,30,LAC,81,40,2144,7.3,16.8,0.433,3.0,7.4,0.40399999999999997,4.3,9.4,0.456,3.9,4.5,0.873,1.3,4.7,6.0,2.4,1.1,0.5,1.9,3.1,21.5,0,115,108
Paul Pierce,SF,23,BOS,82,82,3120,11.4,25.1,0.45399999999999996,2.4,6.4,0.38299999999999995,9.0,18.8,0.478,9.1,12.3,0.745,1.6,7.1,8.7,4.2,2.3,1.1,4.4,4.2,34.4,0,107,102
Scottie Pippen*,SF,35,POR,64,60,2133,6.8,15.0,0.451,1.6,4.7,0.344,5.2,10.4,0.5,3.0,4.1,0.7390000000000001,1.8,6.6,8.4,7.4,2.4,0.9,3.9,4.0,18.2,0,104,101
Scot Pollard,C,25,SAC,77,8,1658,5.7,12.1,0.46799999999999997,0.0,0.1,0.0,5.7,12.1,0.47100000000000003,3.9,5.2,0.7490000000000001,5.3,9.0,14.3,1.4,1.5,3.0,2.0,6.3,15.3,0,111,97
Olden Polynice,C,36,UTA,81,79,1619,6.8,13.7,0.496,0.0,0.0,0.0,6.8,13.7,0.498,0.6,2.1,0.262,5.2,7.3,12.5,1.0,0.9,2.5,2.6,8.0,14.2,0,96,102
Mark Pope,PF,28,MIL,63,45,942,3.4,7.9,0.43700000000000006,0.3,1.3,0.20800000000000002,3.2,6.5,0.483,1.2,1.9,0.629,3.1,5.0,8.1,2.1,0.9,1.4,0.9,7.7,8.4,0,111,107
Chris Porter,SF,22,GSW,51,35,1147,7.7,19.8,0.389,0.0,0.2,0.0,7.7,19.6,0.39299999999999996,4.2,6.3,0.667,4.0,4.4,8.4,2.7,2.0,0.3,2.6,4.9,19.6,0,94,109
Terry Porter,PG,37,SAS,80,42,1678,6.3,14.1,0.44799999999999995,2.8,6.5,0.424,3.5,7.5,0.46799999999999997,2.9,3.7,0.7929999999999999,0.8,5.7,6.4,8.0,1.7,0.4,3.3,2.8,18.3,0,112,100
James Posey,SF,24,DEN,82,82,2255,5.6,13.6,0.41200000000000003,1.5,5.0,0.3,4.1,8.6,0.47700000000000004,2.6,3.2,0.816,2.9,7.0,9.9,3.7,2.1,0.9,2.3,5.2,15.3,0,104,105
Lavor Postell,SG,22,NYK,26,0,169,5.6,17.7,0.315,1.0,3.6,0.273,4.6,14.1,0.326,7.2,8.8,0.815,2.6,5.6,8.2,1.6,1.3,0.7,5.6,3.9,19.3,0,82,100
Vitaly Potapenko,C,25,BOS,82,7,1901,6.8,14.2,0.47600000000000003,0.0,0.0,0.0,6.8,14.2,0.47600000000000003,3.1,4.3,0.728,5.6,7.9,13.5,1.7,1.4,0.6,2.9,6.2,16.7,0,103,104
Brent Price,PG,32,VAN,6,0,30,5.2,19.2,0.273,1.7,7.0,0.25,3.5,12.2,0.28600000000000003,10.5,12.2,0.857,1.7,5.2,7.0,8.7,3.5,0.0,7.0,14.0,22.7,0,89,103
Laron Profit,PG,23,WAS,35,12,605,4.8,12.2,0.39399999999999996,0.6,2.2,0.26899999999999996,4.2,9.9,0.42200000000000004,2.8,3.9,0.733,1.5,3.9,5.5,7.6,3.1,0.9,3.9,3.7,13.0,0,94,107
Joel Przybilla,C,21,MIL,33,13,270,2.3,6.8,0.34299999999999997,0.0,0.0,0.0,2.3,6.8,0.34299999999999997,0.6,2.1,0.273,5.6,8.1,13.7,0.4,0.6,5.8,2.5,10.8,5.2,0,81,101
Theo Ratliff,C,27,PHI,50,50,1800,6.7,13.5,0.499,0.0,0.0,0.0,6.7,13.5,0.499,4.9,6.4,0.76,3.7,8.5,12.2,1.7,0.9,5.5,3.7,4.9,18.3,0,103,96
Eldridge Recasner,PG,33,CHH,43,0,403,5.1,15.2,0.33299999999999996,1.7,5.2,0.33299999999999996,3.3,10.0,0.33299999999999996,1.9,2.4,0.778,1.7,4.9,6.7,5.2,0.8,0.1,3.6,4.0,13.7,0,86,104
Michael Redd,SG,21,MIL,6,0,35,7.4,28.3,0.263,0.0,4.5,0.0,7.4,23.8,0.313,4.5,8.9,0.5,4.5,1.5,6.0,1.5,1.5,0.0,1.5,3.0,19.3,0,74,110
Bryant Reeves,C,27,VAN,75,48,1832,7.3,15.8,0.46,0.0,0.1,0.25,7.2,15.7,0.462,3.2,4.1,0.7959999999999999,3.8,9.1,12.9,2.3,1.2,1.5,2.6,6.9,17.8,0,101,104
Don Reid,PF,27,ORL,65,7,764,5.5,9.8,0.5660000000000001,0.0,0.0,0.0,5.5,9.8,0.5660000000000001,3.1,5.1,0.613,5.7,10.7,16.3,1.4,1.6,3.6,3.2,12.8,14.2,0,107,97
J.R. Reid,PF,32,CLE,6,0,39,2.7,6.7,0.4,0.0,0.0,0.0,2.7,6.7,0.4,8.1,10.8,0.75,6.7,4.0,10.8,1.3,2.7,1.3,1.3,5.4,13.5,0,131,105
Glen Rice,SF,33,NYK,75,25,2212,8.3,18.8,0.44,2.1,5.3,0.389,6.2,13.5,0.46,3.9,4.6,0.852,1.5,6.2,7.7,2.2,1.0,0.3,2.4,4.5,22.5,0,105,101
Quentin Richardson,SG,20,LAC,76,28,1358,9.1,20.7,0.442,2.0,6.0,0.331,7.2,14.7,0.48700000000000004,3.9,6.2,0.627,4.1,6.0,10.1,2.4,1.7,0.3,2.5,3.9,24.2,0,106,106
Mitch Richmond*,SG,35,WAS,37,30,1216,8.7,21.5,0.40700000000000003,1.9,5.7,0.33799999999999997,6.8,15.8,0.431,6.1,6.8,0.894,0.6,4.0,4.6,4.7,1.8,0.3,3.6,3.7,25.5,0,103,110
Isaiah Rider,SG,29,LAL,67,6,1206,8.7,20.5,0.426,1.5,4.0,0.37,7.2,16.5,0.439,3.1,3.6,0.855,1.9,4.9,6.8,4.8,1.2,0.3,4.3,4.6,22.0,0,97,108
Terrance Roberson,SF,24,CHH,3,0,13,0.0,8.3,0.0,0.0,4.1,0.0,0.0,4.1,0.0,0.0,0.0,0.0,0.0,4.1,4.1,4.1,0.0,0.0,8.3,12.4,0.0,0,13,106
Clifford Robinson,PF,34,PHO,82,82,2751,9.4,22.2,0.42200000000000004,1.7,4.7,0.361,7.7,17.6,0.439,4.7,6.7,0.7090000000000001,2.0,4.3,6.3,4.4,1.6,1.5,3.5,4.8,25.2,0,99,100
David Robinson*,C,35,SAS,80,80,2371,9.0,18.6,0.486,0.0,0.0,0.0,9.0,18.6,0.48700000000000004,7.9,10.6,0.747,4.7,10.9,15.6,2.6,1.8,4.5,2.8,4.8,26.0,0,114,92
Eddie Robinson,SF,24,CHH,67,6,1201,9.7,18.2,0.531,0.1,0.2,0.5,9.6,18.0,0.531,2.9,3.9,0.727,2.7,6.2,8.8,2.6,2.2,1.4,1.9,2.9,22.3,0,111,99
Glenn Robinson,SF,28,MIL,76,74,2813,12.7,27.0,0.46799999999999997,1.0,3.4,0.299,11.6,23.6,0.493,4.6,5.7,0.82,2.3,7.4,9.7,4.7,1.6,1.1,4.1,3.5,31.0,0,103,104
Jamal Robinson,SF,27,MIA,6,0,72,2.3,16.8,0.136,0.0,1.5,0.0,2.3,15.3,0.15,0.0,0.0,0.0,2.3,6.1,8.4,1.5,4.6,0.0,2.3,5.4,4.6,0,39,94
James Robinson,PG,30,ORL,6,0,50,4.1,11.3,0.364,2.1,5.2,0.4,2.1,6.2,0.33299999999999996,0.0,0.0,0.0,0.0,8.2,8.2,0.0,4.1,1.0,4.1,5.2,10.3,0,65,96
Larry Robinson,PG-SG,33,TOT,34,1,632,5.5,15.2,0.364,3.6,9.6,0.379,1.9,5.6,0.33799999999999997,1.7,2.0,0.875,1.9,5.3,7.2,3.0,2.3,0.2,2.1,3.8,16.4,0,105,105
Carlos Rogers,C,29,HOU,39,0,544,7.3,10.7,0.682,0.0,0.1,0.0,7.3,10.6,0.688,2.8,5.1,0.5579999999999999,4.7,8.9,13.6,0.9,1.0,1.8,1.7,3.2,17.5,0,129,103
Rodney Rogers,SF,29,PHO,82,3,2183,8.9,20.7,0.43,1.3,4.5,0.29600000000000004,7.6,16.2,0.467,4.4,5.8,0.7609999999999999,2.2,6.3,8.5,4.3,2.3,1.1,3.7,6.4,23.6,0,98,98
Sean Rooks,C,31,LAC,82,0,1553,5.8,13.6,0.428,0.0,0.1,0.5,5.8,13.5,0.42700000000000005,3.7,4.9,0.748,3.1,7.3,10.4,2.7,1.2,2.2,2.5,6.8,15.4,0,100,104
Jalen Rose,SF,28,IND,72,72,2943,10.3,22.7,0.457,1.1,3.2,0.33899999999999997,9.3,19.5,0.47600000000000003,5.2,6.3,0.828,0.7,5.9,6.5,7.9,1.2,0.8,3.8,4.2,27.0,0,105,104
Malik Rose,PF,26,SAS,57,9,1219,7.0,16.2,0.435,0.1,0.7,0.17600000000000002,6.9,15.4,0.447,5.0,7.0,0.713,4.2,9.4,13.5,2.1,2.6,1.8,3.3,6.5,19.2,0,99,94
Michael Ruffin,PF,24,CHI,45,16,879,2.4,5.5,0.444,0.0,0.0,0.0,2.4,5.5,0.444,2.4,4.7,0.506,6.2,9.8,16.0,2.4,1.8,2.3,2.8,8.0,7.3,0,97,103
Bryon Russell,SF,30,UTA,78,46,2473,6.7,15.1,0.44,2.1,5.0,0.413,4.6,10.2,0.45299999999999996,4.8,6.2,0.779,2.0,5.1,7.1,3.5,2.1,0.4,2.4,5.0,20.2,0,112,104
Arvydas Sabonis*,C,36,POR,61,42,1299,10.2,21.4,0.479,0.0,0.6,0.067,10.2,20.8,0.491,5.0,6.5,0.7759999999999999,2.1,11.6,13.7,3.8,1.7,2.6,3.5,5.7,25.5,0,103,97
Soumaila Samake,C,22,NJN,34,0,226,4.2,11.1,0.375,0.0,0.0,0.0,4.2,11.1,0.375,2.3,5.6,0.41700000000000004,5.1,7.2,12.3,0.2,0.5,3.2,0.9,5.3,10.6,0,93,106
Pepe Sánchez,PG,23,TOT,29,0,150,3.2,9.9,0.321,0.0,0.4,0.0,3.2,9.5,0.33299999999999996,0.7,0.7,1.0,1.1,4.2,5.3,14.4,3.9,0.4,2.1,7.4,7.0,0,102,98
Daniel Santiago,C,24,PHO,54,2,581,5.7,11.9,0.478,0.0,0.0,0.0,5.7,11.9,0.478,3.7,5.4,0.6890000000000001,3.1,5.9,9.0,1.0,1.5,1.9,4.2,9.0,15.1,0,90,99
Detlef Schrempf,SF,38,POR,26,0,397,5.3,12.9,0.41100000000000003,0.4,1.1,0.375,4.9,11.8,0.414,3.1,3.7,0.852,2.3,8.3,10.6,6.0,0.9,0.4,3.8,5.8,14.1,0,97,103
Shawnelle Scott,C,28,SAS,27,1,144,6.3,15.3,0.415,0.0,0.0,0.0,6.3,15.3,0.415,3.3,8.2,0.409,8.6,10.0,18.6,1.5,1.9,2.2,4.1,8.6,16.0,0,90,95
Brian Shaw,SG,34,LAL,80,28,1833,4.7,11.7,0.39899999999999997,1.2,3.9,0.311,3.5,7.9,0.442,1.5,1.8,0.797,1.4,7.3,8.7,7.4,1.4,0.8,2.8,4.5,12.0,0,102,105
Brian Skinner,PF,24,LAC,39,23,584,5.9,14.8,0.39799999999999996,0.0,0.0,0.0,5.9,14.8,0.39799999999999996,2.9,5.4,0.542,5.0,10.4,15.4,1.7,1.3,1.0,2.9,5.6,14.7,0,90,103
Reggie Slater,PF,30,MIN,55,16,686,6.9,13.3,0.514,0.0,0.0,0.0,6.9,13.3,0.514,5.6,8.4,0.6729999999999999,5.9,8.2,14.2,2.0,1.4,0.7,3.3,9.6,19.4,0,110,104
Jabari Smith,C,23,SAC,9,0,66,8.5,16.9,0.5,0.0,0.0,0.0,8.5,16.9,0.5,3.1,4.6,0.667,0.8,5.4,6.2,4.6,3.1,0.0,2.3,5.4,20.0,0,105,100
Joe Smith,PF,25,DET,69,59,1941,8.0,20.0,0.40299999999999997,0.0,0.1,0.0,8.0,19.8,0.405,6.0,7.5,0.805,4.2,8.6,12.8,2.1,1.2,1.3,2.3,6.7,22.1,0,102,101
Michael Smith,PF,28,WAS,79,29,1610,3.4,7.0,0.486,0.0,0.0,0.0,3.4,7.0,0.488,2.9,5.0,0.578,5.5,12.5,18.1,3.2,1.8,1.2,2.0,5.0,9.7,0,113,103
Mike Smith,SF,24,WAS,17,0,180,5.5,17.0,0.322,0.9,5.2,0.16699999999999998,4.6,11.8,0.39,2.9,4.6,0.625,2.9,3.5,6.3,2.9,1.4,0.9,2.0,2.3,14.7,0,88,110
Steve Smith,SG,31,POR,81,36,2542,7.6,16.7,0.456,1.7,4.9,0.33899999999999997,6.0,11.8,0.504,6.5,7.4,0.89,1.8,3.9,5.8,4.5,1.0,0.5,2.9,4.3,23.4,0,116,106
Tony Smith,SG,32,ATL,6,0,78,5.4,15.4,0.348,0.0,1.3,0.0,5.4,14.1,0.381,0.7,1.3,0.5,1.3,0.7,2.0,6.7,4.7,0.0,6.0,8.0,11.4,0,68,103
Eric Snow,PG,27,PHI,50,50,1740,5.5,13.2,0.418,0.2,0.6,0.263,5.4,12.7,0.425,3.7,4.7,0.792,0.8,4.2,5.1,11.2,2.3,0.2,3.8,3.7,15.0,0,103,101
Felton Spencer,C,33,NYK,18,0,113,5.9,9.8,0.6,0.0,0.0,0.0,5.9,9.8,0.6,7.3,12.2,0.6,7.8,9.3,17.1,1.0,1.0,1.0,5.4,11.8,19.1,0,106,97
Latrell Sprewell,SF,30,NYK,77,77,3017,9.6,22.4,0.43,0.8,2.5,0.304,8.9,19.9,0.446,5.0,6.4,0.7829999999999999,0.9,5.5,6.4,4.9,1.9,0.5,4.0,2.9,25.0,0,96,99
Jerry Stackhouse,SG,26,DET,80,80,3215,12.2,30.4,0.402,2.6,7.5,0.35100000000000003,9.6,22.9,0.418,10.5,12.8,0.8220000000000001,1.6,3.4,5.0,6.5,1.5,0.9,5.1,2.5,37.5,0,104,105
John Starks,SG,35,UTA,75,64,2122,6.9,17.3,0.39799999999999996,1.6,4.6,0.35200000000000004,5.3,12.7,0.415,2.2,2.8,0.802,0.7,3.1,3.9,4.5,1.8,0.3,2.4,5.5,17.6,0,98,106
Vladimir Stepania,C,24,NJN,29,0,280,5.2,16.4,0.318,0.2,0.7,0.25,5.0,15.7,0.321,4.7,6.3,0.735,6.5,13.8,20.3,3.0,1.9,2.1,3.5,8.8,15.3,0,88,99
DeShawn Stevenson,SG,19,UTA,40,2,293,5.7,16.6,0.341,0.2,2.2,0.083,5.5,14.4,0.38,4.7,6.9,0.684,1.6,3.5,5.1,3.3,1.8,0.4,5.1,5.3,16.2,0,78,105
Michael Stewart,C,25,TOR,26,0,123,4.7,14.6,0.324,0.0,0.0,0.0,4.7,14.6,0.324,4.7,7.7,0.611,6.9,5.6,12.4,0.9,1.7,1.3,2.1,8.2,14.2,0,93,104
Bryant Stith,SG,30,BOS,78,74,2504,5.1,12.7,0.401,1.9,5.0,0.376,3.2,7.6,0.41700000000000004,3.6,4.3,0.845,1.3,4.5,5.9,3.5,1.9,0.3,1.9,3.8,15.7,0,109,106
John Stockton*,PG,38,UTA,82,82,2397,7.3,14.5,0.504,1.4,2.9,0.462,6.0,11.6,0.514,5.1,6.2,0.8170000000000001,1.2,3.9,5.1,15.9,2.9,0.5,4.5,4.3,21.1,0,120,103
Peja Stojaković,SF,23,SAC,75,75,2905,9.8,20.8,0.47,2.5,6.3,0.4,7.3,14.5,0.501,4.7,5.5,0.856,1.6,6.0,7.6,2.9,1.6,0.2,2.6,2.5,26.8,0,113,102
Damon Stoudamire,PG,27,POR,82,82,2655,8.2,19.0,0.434,1.7,4.4,0.374,6.6,14.5,0.45299999999999996,3.5,4.2,0.831,1.4,4.7,6.1,9.5,2.1,0.2,3.9,4.1,21.6,0,106,104
Erick Strickland,PG,27,TOT,50,0,830,5.3,17.3,0.303,1.9,6.2,0.316,3.3,11.2,0.297,4.4,5.1,0.861,1.2,7.1,8.3,6.2,2.9,0.1,3.1,5.7,16.9,0,91,100
Mark Strickland,SF,30,TOT,55,2,719,7.4,17.3,0.431,0.1,0.1,0.5,7.4,17.1,0.43,3.3,5.1,0.643,3.9,7.7,11.6,1.7,1.2,1.6,2.5,5.2,18.2,0,96,106
Rod Strickland,PG,34,TOT,54,28,1371,6.9,16.4,0.424,0.2,0.6,0.235,6.8,15.7,0.43200000000000005,5.0,6.6,0.7509999999999999,1.4,4.0,5.3,11.6,2.0,0.2,4.1,2.9,19.0,0,104,108
Derek Strong,PF,32,LAC,28,8,491,4.9,12.8,0.385,0.0,0.1,0.0,4.9,12.6,0.38799999999999996,3.1,4.0,0.757,3.7,8.1,11.8,0.8,1.5,0.1,2.4,3.3,12.9,0,92,105
Bruno Šundov,C,20,IND,11,4,120,8.9,18.3,0.488,0.0,1.8,0.0,8.9,16.6,0.541,1.3,2.2,0.6,1.8,8.5,10.3,0.9,0.9,1.8,1.3,9.4,19.2,0,99,102
Bob Sura,SG,27,GSW,53,42,1684,6.1,15.7,0.39,1.4,5.2,0.273,4.7,10.5,0.44799999999999995,4.1,5.7,0.7140000000000001,1.6,5.2,6.9,7.3,1.6,0.2,4.8,3.8,17.7,0,93,109
Stromile Swift,PF,21,VAN,80,6,1312,6.1,13.5,0.451,0.0,0.2,0.0,6.1,13.4,0.457,3.4,5.6,0.603,4.3,7.0,11.3,1.1,2.5,3.3,2.6,6.4,15.6,0,97,101
Wally Szczerbiak,SF,23,MIN,82,82,2856,8.6,16.8,0.51,0.5,1.4,0.33799999999999997,8.1,15.4,0.526,3.3,3.8,0.87,2.4,5.7,8.2,4.8,1.1,0.6,2.5,4.1,21.0,0,112,106
Žan Tabak,C,30,IND,55,14,777,6.8,12.9,0.527,0.0,0.0,0.0,6.8,12.9,0.527,1.4,3.2,0.426,4.5,10.2,14.7,2.3,0.7,2.1,3.9,8.6,14.9,0,93,101
Dragan Tarlać,C,27,CHI,43,12,598,3.5,8.9,0.39399999999999996,0.0,0.0,0.0,3.5,8.9,0.39399999999999996,2.2,3.0,0.758,3.3,7.6,11.0,2.8,0.6,1.7,3.4,8.5,9.3,0,85,108
Maurice Taylor,SF,24,HOU,69,69,1972,10.5,21.5,0.489,0.0,0.1,0.0,10.5,21.4,0.49200000000000005,3.2,4.4,0.735,2.9,7.2,10.2,2.8,0.8,1.0,3.4,5.6,24.2,0,101,106
Jason Terry,SG,23,ATL,82,77,3089,10.1,23.1,0.436,2.1,5.3,0.395,8.0,17.8,0.44799999999999995,5.1,6.1,0.846,0.7,3.8,4.5,6.8,1.8,0.2,4.0,3.4,27.4,0,105,107
Jamel Thomas,SF,27,NJN,5,0,56,5.6,17.7,0.316,0.9,2.8,0.33299999999999996,4.7,14.9,0.313,0.0,0.0,0.0,3.7,4.7,8.4,0.0,2.8,0.0,5.6,5.6,12.1,0,61,106
Kenny Thomas,PF,23,HOU,74,21,1820,6.0,13.6,0.44299999999999995,0.7,2.7,0.272,5.3,10.9,0.485,2.7,3.7,0.722,3.6,8.6,12.2,2.2,1.2,1.3,3.4,5.2,15.4,0,97,104
Kurt Thomas,PF,28,NYK,77,29,2125,8.2,16.0,0.511,0.0,0.1,0.33299999999999996,8.2,15.9,0.512,4.5,5.5,0.8140000000000001,4.5,8.9,13.4,1.6,1.6,1.8,2.6,7.5,20.8,0,111,96
Tim Thomas,PF,23,MIL,76,16,2086,8.1,18.9,0.43,2.7,6.5,0.41200000000000003,5.5,12.4,0.44,4.9,6.3,0.7709999999999999,2.0,5.8,7.8,3.4,1.9,1.1,2.8,4.8,23.8,0,109,105
Otis Thorpe,PF,38,CHH,49,4,647,4.9,10.9,0.45,0.0,0.0,0.0,4.9,10.9,0.45,1.7,2.0,0.833,4.1,7.9,12.0,2.4,1.0,0.6,2.7,9.0,11.4,0,97,101
Robert Traylor,C,23,CLE,70,7,1212,7.0,14.1,0.49700000000000005,0.0,0.1,0.0,7.0,14.0,0.5,3.5,6.1,0.5670000000000001,5.4,7.6,13.0,2.7,2.1,3.3,4.3,8.9,17.5,0,97,101
Gary Trent,PF,26,DAL,33,4,319,9.2,21.0,0.43799999999999994,0.0,0.2,0.0,9.2,20.8,0.442,3.1,5.8,0.528,6.3,8.6,14.9,1.6,2.1,1.3,3.6,8.4,21.5,0,93,100
Jake Tsakalidis,C,21,PHO,57,39,947,5.5,11.7,0.47,0.0,0.0,0.0,5.5,11.7,0.47,2.9,5.0,0.593,4.5,8.7,13.2,1.0,0.5,3.0,3.6,7.5,13.9,0,92,98
Hedo Türkoğlu,SF,21,SAC,74,7,1245,5.6,13.7,0.41200000000000003,1.1,3.5,0.326,4.5,10.2,0.442,3.6,4.6,0.777,2.0,6.6,8.6,2.8,2.1,1.0,2.2,5.7,16.0,0,103,100
Nick Van Exel,PG,29,DEN,71,70,2688,8.9,21.4,0.414,2.6,6.9,0.377,6.3,14.5,0.431,3.9,4.8,0.8190000000000001,0.8,3.8,4.6,11.6,1.2,0.3,3.2,2.1,24.3,0,110,110
Keith Van Horn,SF,25,NJN,49,47,1733,9.3,21.4,0.435,2.0,5.1,0.382,7.3,16.2,0.452,4.5,5.6,0.8059999999999999,2.4,8.1,10.5,2.5,1.2,0.6,3.1,4.5,25.1,0,102,106
David Vanterpool,PG,27,WAS,22,0,411,5.8,13.9,0.418,0.0,0.8,0.0,5.8,13.1,0.442,3.8,6.3,0.6,1.9,2.8,4.7,8.3,2.9,0.4,4.7,5.5,15.4,0,92,108
Jacque Vaughn,PG,25,UTA,82,0,1620,5.6,13.0,0.433,1.0,2.6,0.385,4.6,10.4,0.444,4.2,5.4,0.78,0.6,4.4,5.0,10.7,1.6,0.1,4.3,4.8,16.4,0,105,106
Loy Vaught,PF,32,TOT,51,1,549,7.5,15.9,0.473,0.0,0.0,0.0,7.5,15.9,0.473,0.8,0.9,0.8,4.8,11.5,16.3,2.2,2.0,0.7,2.4,7.0,15.8,0,100,100
Jake Voskuhl,C,23,CHI,16,2,143,4.1,9.4,0.44,0.0,0.0,0.0,4.1,9.4,0.44,3.0,5.3,0.5710000000000001,4.5,8.3,12.8,1.9,1.9,2.3,4.5,14.3,11.3,0,84,104
Antoine Walker,PF,24,BOS,81,81,3396,10.9,26.3,0.413,3.4,9.2,0.36700000000000005,7.5,17.1,0.439,3.8,5.3,0.716,2.3,8.7,11.0,6.8,2.1,0.7,4.6,3.8,28.9,0,99,102
Samaki Walker,PF,24,SAS,61,1,963,6.7,14.0,0.48,0.1,0.2,0.33299999999999996,6.7,13.9,0.48200000000000004,4.3,6.9,0.629,3.7,9.8,13.5,1.6,0.6,2.3,3.8,5.7,17.9,0,97,98
Ben Wallace,C,26,DET,80,80,2760,3.9,8.1,0.49,0.0,0.1,0.25,3.9,8.0,0.49200000000000005,1.5,4.4,0.336,5.6,13.8,19.3,2.3,2.0,3.4,2.1,3.5,9.4,0,100,94
John Wallace,SF,26,DET,40,0,527,9.6,22.7,0.424,0.2,1.4,0.133,9.4,21.2,0.44299999999999995,3.4,4.3,0.778,2.4,5.6,8.0,2.2,1.2,1.5,3.5,6.9,22.8,0,91,103
Rasheed Wallace,PF,26,POR,77,75,2940,10.8,21.6,0.501,1.0,3.0,0.321,9.9,18.6,0.53,4.5,5.9,0.7659999999999999,2.7,8.3,11.0,3.9,1.6,2.5,2.9,3.8,27.1,0,111,100
Charlie Ward,PG,30,NYK,61,33,1492,5.8,13.8,0.41600000000000004,2.5,6.5,0.38299999999999995,3.3,7.3,0.444,2.1,2.6,0.8,1.2,4.7,5.9,10.1,2.6,0.4,4.2,4.9,16.1,0,103,98
Clarence Weatherspoon,PF,30,CLE,82,82,2774,6.6,13.1,0.501,0.0,0.0,0.0,6.6,13.1,0.501,4.4,5.5,0.79,4.2,10.9,15.1,2.0,1.6,2.0,2.1,3.2,17.5,0,114,101
Chris Webber,PF,27,SAC,70,70,2836,14.1,29.3,0.48100000000000004,0.0,0.5,0.071,14.1,28.8,0.488,5.8,8.3,0.703,3.2,10.7,13.9,5.3,1.7,2.1,3.5,4.1,34.0,0,105,97
Bonzi Wells,SF,24,POR,75,46,1995,10.4,19.6,0.5329999999999999,0.5,1.3,0.34,10.0,18.2,0.547,4.3,6.5,0.6629999999999999,3.2,6.7,9.9,5.6,2.5,0.5,4.6,5.5,25.6,0,106,101
David Wesley,SG,30,CHH,82,82,3106,9.0,21.4,0.42200000000000004,1.7,4.5,0.376,7.4,17.0,0.434,4.7,5.9,0.799,1.1,2.8,3.9,6.2,2.2,0.3,3.0,3.8,24.4,0,104,103
Doug West,SG,33,VAN,15,6,171,3.4,11.6,0.289,0.0,0.6,0.0,3.4,11.0,0.306,1.8,2.1,0.857,1.2,3.4,4.6,4.3,0.9,1.2,1.2,6.4,8.6,0,83,109
Jahidi White,C,24,WAS,68,56,1609,6.5,13.1,0.498,0.0,0.0,0.0,6.5,13.1,0.499,5.7,10.0,0.5670000000000001,5.7,11.0,16.8,0.6,1.0,3.6,4.4,6.8,18.8,0,97,103
Chris Whitney,PG,29,WAS,59,31,1532,6.2,15.9,0.387,3.1,8.4,0.375,3.0,7.5,0.401,3.4,3.8,0.894,0.4,3.2,3.6,8.4,1.9,0.1,3.5,5.1,18.9,0,107,110
Aaron Williams,PF,29,NJN,82,25,2336,6.6,14.5,0.457,0.0,0.0,0.0,6.6,14.5,0.45799999999999996,5.5,6.9,0.787,4.7,8.5,13.2,2.0,1.3,2.5,3.0,7.1,18.8,0,106,103
Alvin Williams,SG,26,TOR,82,34,2394,7.3,16.9,0.43,0.7,2.4,0.306,6.5,14.5,0.451,2.4,3.2,0.752,1.1,3.6,4.7,9.0,2.7,0.6,2.3,3.8,17.7,0,107,104
Eric Williams,SF,28,BOS,81,11,1745,4.8,13.3,0.36200000000000004,1.4,4.1,0.331,3.4,9.2,0.375,4.9,6.9,0.7140000000000001,1.9,4.2,6.2,3.3,1.9,0.4,2.3,5.3,15.9,0,100,106
Jason Williams,PG,25,SAC,77,77,2290,6.2,15.3,0.40700000000000003,2.2,6.9,0.315,4.1,8.4,0.483,1.3,1.7,0.789,0.4,3.7,4.1,9.2,2.1,0.2,3.6,2.5,16.0,0,100,103
Jerome Williams,PF,27,TOT,59,2,1182,5.9,12.8,0.46299999999999997,0.0,0.1,0.0,5.9,12.6,0.467,4.3,5.9,0.741,5.8,10.8,16.6,2.0,2.5,0.9,2.7,5.4,16.2,0,107,98
Monty Williams,SF,29,ORL,82,0,1211,6.9,15.5,0.445,0.0,0.6,0.077,6.9,14.9,0.45899999999999996,3.6,5.7,0.639,3.7,6.7,10.3,3.4,1.2,0.7,3.6,5.8,17.4,0,96,103
Scott Williams,C,32,MIL,66,31,1272,7.0,14.8,0.474,0.0,0.2,0.25,7.0,14.6,0.47600000000000003,2.5,2.9,0.857,4.0,10.9,14.9,1.4,2.0,1.3,1.7,7.3,16.5,0,109,101
Shammond Williams,PG,25,SEA,69,6,1238,6.8,15.6,0.43799999999999994,2.6,5.6,0.45899999999999996,4.2,10.0,0.426,3.6,4.1,0.875,1.4,4.1,5.6,8.0,1.3,0.2,3.5,3.5,19.8,0,113,109
Walt Williams,SF,30,HOU,72,31,1583,6.8,17.2,0.39399999999999996,3.3,8.3,0.395,3.5,8.9,0.392,3.3,4.2,0.77,1.0,7.2,8.2,3.3,1.0,0.9,2.4,5.1,20.1,0,105,105
Corliss Williamson,SF,27,TOT,69,40,1686,10.0,19.9,0.502,0.0,0.1,0.0,10.0,19.8,0.504,4.6,7.3,0.637,3.4,6.5,9.9,1.9,1.5,0.6,3.4,5.7,24.6,0,102,104
Kevin Willis,C,38,TOT,78,22,1830,8.7,19.7,0.441,0.0,0.2,0.16699999999999998,8.6,19.5,0.44299999999999995,3.2,4.2,0.769,5.1,10.1,15.2,1.4,1.6,1.5,2.5,6.2,20.6,0,100,103
David Wingate,SG,37,SEA,1,0,9,17.5,17.5,1.0,0.0,0.0,0.0,17.5,17.5,1.0,0.0,0.0,0.0,0.0,0.0,0.0,11.6,0.0,0.0,0.0,5.8,34.9,0,203,115
Rubén Wolkowyski,PF,27,SEA,34,1,305,4.3,13.6,0.316,0.0,0.3,0.0,4.3,13.2,0.325,4.3,5.8,0.735,2.1,5.8,7.9,0.5,1.0,3.1,2.1,6.5,12.9,0,85,106
Metta World Peace,SF,21,CHI,76,74,2363,7.4,18.5,0.401,1.0,3.4,0.29100000000000004,6.5,15.2,0.426,4.8,6.4,0.75,1.3,5.3,6.7,5.2,3.5,1.0,3.6,5.8,20.6,0,94,104
Lorenzen Wright,C,25,ATL,71,46,1988,9.5,21.3,0.44799999999999995,0.0,0.1,0.0,9.5,21.2,0.449,4.1,5.7,0.718,4.7,9.3,14.0,2.3,1.1,1.7,3.3,6.1,23.1,0,99,103
Wang Zhizhi,C,23,DAL,5,0,38,10.8,25.7,0.42100000000000004,0.0,2.7,0.0,10.8,23.0,0.47100000000000003,10.8,13.6,0.8,1.4,8.1,9.5,0.0,0.0,0.0,1.4,10.8,32.5,0,106,106
